start_station,end_station,directions_time_min,start_lat,start_lng,end_lat,end_lng,same_line,interchange_station,metro_distance_km
Ameerpet,Assembly,10,17.435697,78.444603,17.39813,78.470786,True,,5.31
Ameerpet,Dr. B. R. Ambedkar Balanagar,10,17.435697,78.444603,17.477586,78.42099,True,,5.64
Ameerpet,Begumpet,3,17.435697,78.444603,17.437583,78.456945,True,,1.57
Ameerpet,Bharat Nagar,7,17.435697,78.444603,17.464046,78.430048,True,,3.51
Ameerpet,Chaitanyapuri,25,17.435697,78.444603,17.368398,78.535855,True,,13.96
Ameerpet,Chikkadpally,27,17.435697,78.444603,17.400805,78.494876,False,Mahatma Gandhi Bus Station,11.34
Ameerpet,Dilsukhnagar,24,17.435697,78.444603,17.368594,78.525728,True,,12.88
Ameerpet,Durgam Cheruvu,16,17.435697,78.444603,17.442854,78.387646,True,,7.63
Ameerpet,ESI Hospital,4,17.435697,78.444603,17.447377,78.438352,True,,1.46
Ameerpet,Erragadda,5,17.435697,78.444603,17.457235,78.433531,True,,2.67
Ameerpet,Gandhi Bhavan,13,17.435697,78.444603,17.38609,78.473099,True,,6.75
Ameerpet,Gandhi Hospital,31,17.435697,78.444603,17.425639,78.501872,False,JBS Parade Ground,14.24
Ameerpet,HITEC City,17,17.435697,78.444603,17.449025,78.383239,True,,8.46
Ameerpet,Habsiguda,20,17.435697,78.444603,17.420218,78.540538,True,,12.65
Ameerpet,Irrum Manzil,3,17.435697,78.444603,17.42036,78.456186,True,,2.08
Ameerpet,JBS Parade Ground,36,17.435697,78.444603,17.444472,78.497483,False,,16.8
Ameerpet,JNTU College,16,17.435697,78.444603,17.498679,78.389015,True,,9.59
Ameerpet,Jubilee Hills Check Post,9,17.435697,78.444603,17.42834,78.413688,True,,3.9
Ameerpet,KPHB Colony,14,17.435697,78.444603,17.493796,78.401668,True,,8.1
Ameerpet,Khairatabad,6,17.435697,78.444603,17.411614,78.460844,True,,3.21
Ameerpet,Kukatpally,12,17.435697,78.444603,17.485121,78.411553,True,,6.64
Ameerpet,LB Nagar,29,17.435697,78.444603,17.349724,78.547972,True,,16.62
Ameerpet,Lakdi Ka Pul,8,17.435697,78.444603,17.403687,78.464591,True,,4.31
Ameerpet,Madhapur,13,17.435697,78.444603,17.436879,78.400681,True,,5.74
Ameerpet,Madhura Nagar,2,17.435697,78.444603,17.437715,78.44055,True,,0.7
Ameerpet,Mahatma Gandhi Bus Station,31,17.435697,78.444603,17.379856,78.485961,False,,14.81
Ameerpet,Malakpet,18,17.435697,78.444603,17.377292,78.493831,True,,9.27
Ameerpet,Mettuguda,16,17.435697,78.444603,17.435572,78.5196,True,,9.8
Ameerpet,Miyapur,18,17.435697,78.444603,17.4964542,78.3729359,True,,11.34
Ameerpet,Moosapet,8,17.435697,78.444603,17.472162,78.425925,True,,4.51
Ameerpet,Musarambagh,21,17.435697,78.444603,17.371136,78.511946,True,,11.37
Ameerpet,Musheerabad,30,17.435697,78.444603,17.418808,78.499823,False,JBS Parade Ground,13.35
Ameerpet,Ngri,22,17.435697,78.444603,17.414859,78.546309,True,,13.8
Ameerpet,Nagole,27,17.435697,78.444603,17.39051,78.558659,True,,17.09
Ameerpet,Nampally,11,17.435697,78.444603,17.392352,78.470132,True,,5.97
Ameerpet,Narayanguda,25,17.435697,78.444603,17.394383,78.489863,False,Mahatma Gandhi Bus Station,10.41
Ameerpet,New Market,20,17.435697,78.444603,17.373486,78.502903,True,,10.38
Ameerpet,Osmania Medical College,14,17.435697,78.444603,17.382358,78.481073,True,,7.74
Ameerpet,Paradise,9,17.435697,78.444603,17.443496,78.486186,True,,5.17
Ameerpet,Peddamma Gudi,11,17.435697,78.444603,17.4306,78.408448,True,,4.84
Ameerpet,Prakash Nagar,5,17.435697,78.444603,17.445126,78.465903,True,,2.99
Ameerpet,Punjagutta,2,17.435697,78.444603,17.428583,78.45115,True,,1.05
Ameerpet,RTC Cross Roads,29,17.435697,78.444603,17.407119,78.496553,False,JBS Parade Ground,12.15
Ameerpet,Raidurg,21,17.435697,78.444603,17.442274,78.377094,True,,9.91
Ameerpet,Rasoolpura,7,17.435697,78.444603,17.443606,78.476363,True,,4.13
Ameerpet,Road No. 5 Jubilee Hills,7,17.435697,78.444603,17.430088,78.422995,True,,2.65
Ameerpet,S R Nagar,2,17.435697,78.444603,17.441659,78.441634,True,,0.74
Ameerpet,Secunderabad East,13,17.435697,78.444603,17.435789,78.505431,True,,8.25
Ameerpet,Secunderabad West,34,17.435697,78.444603,17.433718,78.499194,False,JBS Parade Ground,15.48
Ameerpet,Stadium,24,17.435697,78.444603,17.408538,78.553504,True,,14.98
Ameerpet,Sultan Bazaar,23,17.435697,78.444603,17.384134,78.483697,False,Mahatma Gandhi Bus Station,9.09
Ameerpet,Tarnaka,18,17.435697,78.444603,17.428297,78.52856,True,,11.05
Ameerpet,Uppal,25,17.435697,78.444603,17.400078,78.560251,True,,16.06
Ameerpet,Victoria Memorial,27,17.435697,78.444603,17.361889,78.543962,True,,15.19
Ameerpet,Yousufguda,5,17.435697,78.444603,17.435081,78.427292,True,,1.8
Assembly,Ameerpet,10,17.39813,78.470786,17.435697,78.444603,True,,5.31
Assembly,Dr. B. R. Ambedkar Balanagar,20,17.39813,78.470786,17.477586,78.42099,True,,10.95
Assembly,Begumpet,18,17.39813,78.470786,17.437583,78.456945,False,Ameerpet,6.88
Assembly,Bharat Nagar,17,17.39813,78.470786,17.464046,78.430048,True,,8.82
Assembly,Chaitanyapuri,15,17.39813,78.470786,17.368398,78.535855,True,,8.65
Assembly,Chikkadpally,17,17.39813,78.470786,17.400805,78.494876,False,Mahatma Gandhi Bus Station,6.03
Assembly,Dilsukhnagar,14,17.39813,78.470786,17.368594,78.525728,True,,7.57
Assembly,Durgam Cheruvu,31,17.39813,78.470786,17.442854,78.387646,False,Ameerpet,12.94
Assembly,ESI Hospital,14,17.39813,78.470786,17.447377,78.438352,True,,6.77
Assembly,Erragadda,15,17.39813,78.470786,17.457235,78.433531,True,,7.98
Assembly,Gandhi Bhavan,3,17.39813,78.470786,17.38609,78.473099,True,,1.44
Assembly,Gandhi Hospital,21,17.39813,78.470786,17.425639,78.501872,False,Mahatma Gandhi Bus Station,8.93
Assembly,HITEC City,32,17.39813,78.470786,17.449025,78.383239,False,Ameerpet,13.77
Assembly,Habsiguda,35,17.39813,78.470786,17.420218,78.540538,False,Ameerpet,17.96
Assembly,Irrum Manzil,7,17.39813,78.470786,17.42036,78.456186,True,,3.23
Assembly,JBS Parade Ground,26,17.39813,78.470786,17.444472,78.497483,False,Mahatma Gandhi Bus Station,11.49
Assembly,JNTU College,26,17.39813,78.470786,17.498679,78.389015,True,,14.9
Assembly,Jubilee Hills Check Post,24,17.39813,78.470786,17.42834,78.413688,False,Ameerpet,9.21
Assembly,KPHB Colony,24,17.39813,78.470786,17.493796,78.401668,True,,13.41
Assembly,Khairatabad,4,17.39813,78.470786,17.411614,78.460844,True,,2.1
Assembly,Kukatpally,22,17.39813,78.470786,17.485121,78.411553,True,,11.95
Assembly,LB Nagar,19,17.39813,78.470786,17.349724,78.547972,True,,11.31
Assembly,Lakdi Ka Pul,2,17.39813,78.470786,17.403687,78.464591,True,,1.0
Assembly,Madhapur,28,17.39813,78.470786,17.436879,78.400681,False,Ameerpet,11.05
Assembly,Madhura Nagar,17,17.39813,78.470786,17.437715,78.44055,False,Ameerpet,6.01
Assembly,Mahatma Gandhi Bus Station,6,17.39813,78.470786,17.379856,78.485961,True,,3.05
Assembly,Malakpet,8,17.39813,78.470786,17.377292,78.493831,True,,3.96
Assembly,Mettuguda,31,17.39813,78.470786,17.435572,78.5196,False,Ameerpet,15.11
Assembly,Miyapur,28,17.39813,78.470786,17.4964542,78.3729359,True,,16.65
Assembly,Moosapet,18,17.39813,78.470786,17.472162,78.425925,True,,9.82
Assembly,Musarambagh,11,17.39813,78.470786,17.371136,78.511946,True,,6.06
Assembly,Musheerabad,20,17.39813,78.470786,17.418808,78.499823,False,Mahatma Gandhi Bus Station,8.04
Assembly,Ngri,37,17.39813,78.470786,17.414859,78.546309,False,Ameerpet,19.11
Assembly,Nagole,42,17.39813,78.470786,17.39051,78.558659,False,Ameerpet,22.4
Assembly,Nampally,1,17.39813,78.470786,17.392352,78.470132,True,,0.66
Assembly,Narayanguda,15,17.39813,78.470786,17.394383,78.489863,False,Mahatma Gandhi Bus Station,5.1
Assembly,New Market,10,17.39813,78.470786,17.373486,78.502903,True,,5.07
Assembly,Osmania Medical College,4,17.39813,78.470786,17.382358,78.481073,True,,2.43
Assembly,Paradise,24,17.39813,78.470786,17.443496,78.486186,False,Ameerpet,10.48
Assembly,Peddamma Gudi,26,17.39813,78.470786,17.4306,78.408448,False,Ameerpet,10.15
Assembly,Prakash Nagar,20,17.39813,78.470786,17.445126,78.465903,False,Ameerpet,8.3
Assembly,Punjagutta,8,17.39813,78.470786,17.428583,78.45115,True,,4.26
Assembly,RTC Cross Roads,19,17.39813,78.470786,17.407119,78.496553,False,Mahatma Gandhi Bus Station,6.84
Assembly,Raidurg,36,17.39813,78.470786,17.442274,78.377094,False,Ameerpet,15.22
Assembly,Rasoolpura,22,17.39813,78.470786,17.443606,78.476363,False,Ameerpet,9.44
Assembly,Road No. 5 Jubilee Hills,22,17.39813,78.470786,17.430088,78.422995,False,Ameerpet,7.96
Assembly,S R Nagar,12,17.39813,78.470786,17.441659,78.441634,True,,6.05
Assembly,Secunderabad East,28,17.39813,78.470786,17.435789,78.505431,False,Ameerpet,13.56
Assembly,Secunderabad West,24,17.39813,78.470786,17.433718,78.499194,False,Mahatma Gandhi Bus Station,10.17
Assembly,Stadium,39,17.39813,78.470786,17.408538,78.553504,False,Ameerpet,20.29
Assembly,Sultan Bazaar,13,17.39813,78.470786,17.384134,78.483697,False,Mahatma Gandhi Bus Station,3.78
Assembly,Tarnaka,33,17.39813,78.470786,17.428297,78.52856,False,Ameerpet,16.36
Assembly,Uppal,40,17.39813,78.470786,17.400078,78.560251,False,Ameerpet,21.37
Assembly,Victoria Memorial,17,17.39813,78.470786,17.361889,78.543962,True,,9.88
Assembly,Yousufguda,20,17.39813,78.470786,17.435081,78.427292,False,Ameerpet,7.11
Dr. B. R. Ambedkar Balanagar,Ameerpet,10,17.477586,78.42099,17.435697,78.444603,True,,5.64
Dr. B. R. Ambedkar Balanagar,Assembly,20,17.477586,78.42099,17.39813,78.470786,True,,10.95
Dr. B. R. Ambedkar Balanagar,Begumpet,18,17.477586,78.42099,17.437583,78.456945,False,Ameerpet,7.21
Dr. B. R. Ambedkar Balanagar,Bharat Nagar,3,17.477586,78.42099,17.464046,78.430048,True,,2.13
Dr. B. R. Ambedkar Balanagar,Chaitanyapuri,35,17.477586,78.42099,17.368398,78.535855,True,,19.6
Dr. B. R. Ambedkar Balanagar,Chikkadpally,37,17.477586,78.42099,17.400805,78.494876,False,Mahatma Gandhi Bus Station,16.98
Dr. B. R. Ambedkar Balanagar,Dilsukhnagar,34,17.477586,78.42099,17.368594,78.525728,True,,18.52
Dr. B. R. Ambedkar Balanagar,Durgam Cheruvu,31,17.477586,78.42099,17.442854,78.387646,False,Ameerpet,13.27
Dr. B. R. Ambedkar Balanagar,ESI Hospital,6,17.477586,78.42099,17.447377,78.438352,True,,4.18
Dr. B. R. Ambedkar Balanagar,Erragadda,5,17.477586,78.42099,17.457235,78.433531,True,,2.97
Dr. B. R. Ambedkar Balanagar,Gandhi Bhavan,23,17.477586,78.42099,17.38609,78.473099,True,,12.39
Dr. B. R. Ambedkar Balanagar,Gandhi Hospital,41,17.477586,78.42099,17.425639,78.501872,False,Mahatma Gandhi Bus Station,19.88
Dr. B. R. Ambedkar Balanagar,HITEC City,32,17.477586,78.42099,17.449025,78.383239,False,Ameerpet,14.1
Dr. B. R. Ambedkar Balanagar,Habsiguda,35,17.477586,78.42099,17.420218,78.540538,False,Ameerpet,18.29
Dr. B. R. Ambedkar Balanagar,Irrum Manzil,13,17.477586,78.42099,17.42036,78.456186,True,,7.72
Dr. B. R. Ambedkar Balanagar,JBS Parade Ground,46,17.477586,78.42099,17.444472,78.497483,False,Ameerpet,22.44
Dr. B. R. Ambedkar Balanagar,JNTU College,6,17.477586,78.42099,17.498679,78.389015,True,,3.95
Dr. B. R. Ambedkar Balanagar,Jubilee Hills Check Post,24,17.477586,78.42099,17.42834,78.413688,False,Ameerpet,9.54
Dr. B. R. Ambedkar Balanagar,KPHB Colony,4,17.477586,78.42099,17.493796,78.401668,True,,2.46
Dr. B. R. Ambedkar Balanagar,Khairatabad,16,17.477586,78.42099,17.411614,78.460844,True,,8.85
Dr. B. R. Ambedkar Balanagar,Kukatpally,2,17.477586,78.42099,17.485121,78.411553,True,,1.0
Dr. B. R. Ambedkar Balanagar,LB Nagar,39,17.477586,78.42099,17.349724,78.547972,True,,22.26
Dr. B. R. Ambedkar Balanagar,Lakdi Ka Pul,18,17.477586,78.42099,17.403687,78.464591,True,,9.95
Dr. B. R. Ambedkar Balanagar,Madhapur,28,17.477586,78.42099,17.436879,78.400681,False,Ameerpet,11.38
Dr. B. R. Ambedkar Balanagar,Madhura Nagar,17,17.477586,78.42099,17.437715,78.44055,False,Ameerpet,6.34
Dr. B. R. Ambedkar Balanagar,Mahatma Gandhi Bus Station,26,17.477586,78.42099,17.379856,78.485961,True,,14.0
Dr. B. R. Ambedkar Balanagar,Malakpet,28,17.477586,78.42099,17.377292,78.493831,True,,14.91
Dr. B. R. Ambedkar Balanagar,Mettuguda,31,17.477586,78.42099,17.435572,78.5196,False,Ameerpet,15.44
Dr. B. R. Ambedkar Balanagar,Miyapur,8,17.477586,78.42099,17.4964542,78.3729359,True,,5.7
Dr. B. R. Ambedkar Balanagar,Moosapet,2,17.477586,78.42099,17.472162,78.425925,True,,1.13
Dr. B. R. Ambedkar Balanagar,Musarambagh,31,17.477586,78.42099,17.371136,78.511946,True,,17.01
Dr. B. R. Ambedkar Balanagar,Musheerabad,40,17.477586,78.42099,17.418808,78.499823,False,Mahatma Gandhi Bus Station,18.99
Dr. B. R. Ambedkar Balanagar,Ngri,37,17.477586,78.42099,17.414859,78.546309,False,Ameerpet,19.44
Dr. B. R. Ambedkar Balanagar,Nagole,42,17.477586,78.42099,17.39051,78.558659,False,Ameerpet,22.73
Dr. B. R. Ambedkar Balanagar,Nampally,21,17.477586,78.42099,17.392352,78.470132,True,,11.61
Dr. B. R. Ambedkar Balanagar,Narayanguda,35,17.477586,78.42099,17.394383,78.489863,False,Mahatma Gandhi Bus Station,16.05
Dr. B. R. Ambedkar Balanagar,New Market,30,17.477586,78.42099,17.373486,78.502903,True,,16.02
Dr. B. R. Ambedkar Balanagar,Osmania Medical College,24,17.477586,78.42099,17.382358,78.481073,True,,13.38
Dr. B. R. Ambedkar Balanagar,Paradise,24,17.477586,78.42099,17.443496,78.486186,False,Ameerpet,10.81
Dr. B. R. Ambedkar Balanagar,Peddamma Gudi,26,17.477586,78.42099,17.4306,78.408448,False,Ameerpet,10.48
Dr. B. R. Ambedkar Balanagar,Prakash Nagar,20,17.477586,78.42099,17.445126,78.465903,False,Ameerpet,8.63
Dr. B. R. Ambedkar Balanagar,Punjagutta,12,17.477586,78.42099,17.428583,78.45115,True,,6.69
Dr. B. R. Ambedkar Balanagar,RTC Cross Roads,39,17.477586,78.42099,17.407119,78.496553,False,Mahatma Gandhi Bus Station,17.79
Dr. B. R. Ambedkar Balanagar,Raidurg,36,17.477586,78.42099,17.442274,78.377094,False,Ameerpet,15.55
Dr. B. R. Ambedkar Balanagar,Rasoolpura,22,17.477586,78.42099,17.443606,78.476363,False,Ameerpet,9.77
Dr. B. R. Ambedkar Balanagar,Road No. 5 Jubilee Hills,22,17.477586,78.42099,17.430088,78.422995,False,Ameerpet,8.29
Dr. B. R. Ambedkar Balanagar,S R Nagar,8,17.477586,78.42099,17.441659,78.441634,True,,4.9
Dr. B. R. Ambedkar Balanagar,Secunderabad East,28,17.477586,78.42099,17.435789,78.505431,False,Ameerpet,13.89
Dr. B. R. Ambedkar Balanagar,Secunderabad West,44,17.477586,78.42099,17.433718,78.499194,False,Mahatma Gandhi Bus Station,21.12
Dr. B. R. Ambedkar Balanagar,Stadium,39,17.477586,78.42099,17.408538,78.553504,False,Ameerpet,20.62
Dr. B. R. Ambedkar Balanagar,Sultan Bazaar,33,17.477586,78.42099,17.384134,78.483697,False,Mahatma Gandhi Bus Station,14.73
Dr. B. R. Ambedkar Balanagar,Tarnaka,33,17.477586,78.42099,17.428297,78.52856,False,Ameerpet,16.69
Dr. B. R. Ambedkar Balanagar,Uppal,40,17.477586,78.42099,17.400078,78.560251,False,Ameerpet,21.7
Dr. B. R. Ambedkar Balanagar,Victoria Memorial,37,17.477586,78.42099,17.361889,78.543962,True,,20.83
Dr. B. R. Ambedkar Balanagar,Yousufguda,20,17.477586,78.42099,17.435081,78.427292,False,Ameerpet,7.44
Begumpet,Ameerpet,3,17.437583,78.456945,17.435697,78.444603,True,,1.57
Begumpet,Assembly,18,17.437583,78.456945,17.39813,78.470786,False,Ameerpet,6.88
Begumpet,Dr. B. R. Ambedkar Balanagar,18,17.437583,78.456945,17.477586,78.42099,False,Ameerpet,7.21
Begumpet,Bharat Nagar,15,17.437583,78.456945,17.464046,78.430048,False,Ameerpet,5.08
Begumpet,Chaitanyapuri,33,17.437583,78.456945,17.368398,78.535855,False,Ameerpet,15.53
Begumpet,Chikkadpally,22,17.437583,78.456945,17.400805,78.494876,False,JBS Parade Ground,10.26
Begumpet,Dilsukhnagar,32,17.437583,78.456945,17.368594,78.525728,False,Ameerpet,14.45
Begumpet,Durgam Cheruvu,19,17.437583,78.456945,17.442854,78.387646,True,,9.2
Begumpet,ESI Hospital,12,17.437583,78.456945,17.447377,78.438352,False,Ameerpet,3.03
Begumpet,Erragadda,13,17.437583,78.456945,17.457235,78.433531,False,Ameerpet,4.24
Begumpet,Gandhi Bhavan,21,17.437583,78.456945,17.38609,78.473099,False,Ameerpet,8.32
Begumpet,Gandhi Hospital,18,17.437583,78.456945,17.425639,78.501872,False,JBS Parade Ground,7.36
Begumpet,HITEC City,20,17.437583,78.456945,17.449025,78.383239,True,,10.03
Begumpet,Habsiguda,17,17.437583,78.456945,17.420218,78.540538,True,,11.08
Begumpet,Irrum Manzil,11,17.437583,78.456945,17.42036,78.456186,False,Ameerpet,3.65
Begumpet,JBS Parade Ground,8,17.437583,78.456945,17.444472,78.497483,True,,4.8
Begumpet,JNTU College,24,17.437583,78.456945,17.498679,78.389015,False,Ameerpet,11.16
Begumpet,Jubilee Hills Check Post,12,17.437583,78.456945,17.42834,78.413688,True,,5.47
Begumpet,KPHB Colony,22,17.437583,78.456945,17.493796,78.401668,False,Ameerpet,9.67
Begumpet,Khairatabad,14,17.437583,78.456945,17.411614,78.460844,False,Ameerpet,4.78
Begumpet,Kukatpally,20,17.437583,78.456945,17.485121,78.411553,False,Ameerpet,8.21
Begumpet,LB Nagar,37,17.437583,78.456945,17.349724,78.547972,False,Ameerpet,18.19
Begumpet,Lakdi Ka Pul,16,17.437583,78.456945,17.403687,78.464591,False,Ameerpet,5.88
Begumpet,Madhapur,16,17.437583,78.456945,17.436879,78.400681,True,,7.31
Begumpet,Madhura Nagar,5,17.437583,78.456945,17.437715,78.44055,True,,2.27
Begumpet,Mahatma Gandhi Bus Station,24,17.437583,78.456945,17.379856,78.485961,False,Ameerpet,9.93
Begumpet,Malakpet,26,17.437583,78.456945,17.377292,78.493831,False,Ameerpet,10.84
Begumpet,Mettuguda,13,17.437583,78.456945,17.435572,78.5196,True,,8.23
Begumpet,Miyapur,26,17.437583,78.456945,17.4964542,78.3729359,False,Ameerpet,12.91
Begumpet,Moosapet,16,17.437583,78.456945,17.472162,78.425925,False,Ameerpet,6.08
Begumpet,Musarambagh,29,17.437583,78.456945,17.371136,78.511946,False,Ameerpet,12.94
Begumpet,Musheerabad,19,17.437583,78.456945,17.418808,78.499823,False,JBS Parade Ground,8.25
Begumpet,Ngri,19,17.437583,78.456945,17.414859,78.546309,True,,12.23
Begumpet,Nagole,24,17.437583,78.456945,17.39051,78.558659,True,,15.52
Begumpet,Nampally,19,17.437583,78.456945,17.392352,78.470132,False,Ameerpet,7.54
Begumpet,Narayanguda,24,17.437583,78.456945,17.394383,78.489863,False,JBS Parade Ground,11.19
Begumpet,New Market,28,17.437583,78.456945,17.373486,78.502903,False,Ameerpet,11.95
Begumpet,Osmania Medical College,22,17.437583,78.456945,17.382358,78.481073,False,Ameerpet,9.31
Begumpet,Paradise,6,17.437583,78.456945,17.443496,78.486186,True,,3.6
Begumpet,Peddamma Gudi,14,17.437583,78.456945,17.4306,78.408448,True,,6.41
Begumpet,Prakash Nagar,2,17.437583,78.456945,17.445126,78.465903,True,,1.42
Begumpet,Punjagutta,10,17.437583,78.456945,17.428583,78.45115,False,Ameerpet,2.62
Begumpet,RTC Cross Roads,20,17.437583,78.456945,17.407119,78.496553,False,JBS Parade Ground,9.45
Begumpet,Raidurg,24,17.437583,78.456945,17.442274,78.377094,True,,11.48
Begumpet,Rasoolpura,4,17.437583,78.456945,17.443606,78.476363,True,,2.56
Begumpet,Road No. 5 Jubilee Hills,10,17.437583,78.456945,17.430088,78.422995,True,,4.22
Begumpet,S R Nagar,10,17.437583,78.456945,17.441659,78.441634,False,Ameerpet,2.31
Begumpet,Secunderabad East,10,17.437583,78.456945,17.435789,78.505431,True,,6.68
Begumpet,Secunderabad West,15,17.437583,78.456945,17.433718,78.499194,False,JBS Parade Ground,6.12
Begumpet,Stadium,21,17.437583,78.456945,17.408538,78.553504,True,,13.41
Begumpet,Sultan Bazaar,26,17.437583,78.456945,17.384134,78.483697,False,JBS Parade Ground,12.51
Begumpet,Tarnaka,15,17.437583,78.456945,17.428297,78.52856,True,,9.48
Begumpet,Uppal,22,17.437583,78.456945,17.400078,78.560251,True,,14.49
Begumpet,Victoria Memorial,35,17.437583,78.456945,17.361889,78.543962,False,Ameerpet,16.76
Begumpet,Yousufguda,8,17.437583,78.456945,17.435081,78.427292,True,,3.37
Bharat Nagar,Ameerpet,7,17.464046,78.430048,17.435697,78.444603,True,,3.51
Bharat Nagar,Assembly,17,17.464046,78.430048,17.39813,78.470786,True,,8.82
Bharat Nagar,Dr. B. R. Ambedkar Balanagar,3,17.464046,78.430048,17.477586,78.42099,True,,2.13
Bharat Nagar,Begumpet,15,17.464046,78.430048,17.437583,78.456945,False,Ameerpet,5.08
Bharat Nagar,Chaitanyapuri,32,17.464046,78.430048,17.368398,78.535855,True,,17.47
Bharat Nagar,Chikkadpally,34,17.464046,78.430048,17.400805,78.494876,False,Mahatma Gandhi Bus Station,14.85
Bharat Nagar,Dilsukhnagar,31,17.464046,78.430048,17.368594,78.525728,True,,16.39
Bharat Nagar,Durgam Cheruvu,28,17.464046,78.430048,17.442854,78.387646,False,Ameerpet,11.14
Bharat Nagar,ESI Hospital,3,17.464046,78.430048,17.447377,78.438352,True,,2.05
Bharat Nagar,Erragadda,2,17.464046,78.430048,17.457235,78.433531,True,,0.84
Bharat Nagar,Gandhi Bhavan,20,17.464046,78.430048,17.38609,78.473099,True,,10.26
Bharat Nagar,Gandhi Hospital,38,17.464046,78.430048,17.425639,78.501872,False,Mahatma Gandhi Bus Station,17.75
Bharat Nagar,HITEC City,29,17.464046,78.430048,17.449025,78.383239,False,Ameerpet,11.97
Bharat Nagar,Habsiguda,32,17.464046,78.430048,17.420218,78.540538,False,Ameerpet,16.16
Bharat Nagar,Irrum Manzil,10,17.464046,78.430048,17.42036,78.456186,True,,5.59
Bharat Nagar,JBS Parade Ground,43,17.464046,78.430048,17.444472,78.497483,False,Ameerpet,20.31
Bharat Nagar,JNTU College,9,17.464046,78.430048,17.498679,78.389015,True,,6.08
Bharat Nagar,Jubilee Hills Check Post,21,17.464046,78.430048,17.42834,78.413688,False,Ameerpet,7.41
Bharat Nagar,KPHB Colony,7,17.464046,78.430048,17.493796,78.401668,True,,4.59
Bharat Nagar,Khairatabad,13,17.464046,78.430048,17.411614,78.460844,True,,6.72
Bharat Nagar,Kukatpally,5,17.464046,78.430048,17.485121,78.411553,True,,3.13
Bharat Nagar,LB Nagar,36,17.464046,78.430048,17.349724,78.547972,True,,20.13
Bharat Nagar,Lakdi Ka Pul,15,17.464046,78.430048,17.403687,78.464591,True,,7.82
Bharat Nagar,Madhapur,25,17.464046,78.430048,17.436879,78.400681,False,Ameerpet,9.25
Bharat Nagar,Madhura Nagar,14,17.464046,78.430048,17.437715,78.44055,False,Ameerpet,4.21
Bharat Nagar,Mahatma Gandhi Bus Station,23,17.464046,78.430048,17.379856,78.485961,True,,11.87
Bharat Nagar,Malakpet,25,17.464046,78.430048,17.377292,78.493831,True,,12.78
Bharat Nagar,Mettuguda,28,17.464046,78.430048,17.435572,78.5196,False,Ameerpet,13.31
Bharat Nagar,Miyapur,11,17.464046,78.430048,17.4964542,78.3729359,True,,7.83
Bharat Nagar,Moosapet,1,17.464046,78.430048,17.472162,78.425925,True,,1.0
Bharat Nagar,Musarambagh,28,17.464046,78.430048,17.371136,78.511946,True,,14.88
Bharat Nagar,Musheerabad,37,17.464046,78.430048,17.418808,78.499823,False,Mahatma Gandhi Bus Station,16.86
Bharat Nagar,Ngri,34,17.464046,78.430048,17.414859,78.546309,False,Ameerpet,17.31
Bharat Nagar,Nagole,39,17.464046,78.430048,17.39051,78.558659,False,Ameerpet,20.6
Bharat Nagar,Nampally,18,17.464046,78.430048,17.392352,78.470132,True,,9.48
Bharat Nagar,Narayanguda,32,17.464046,78.430048,17.394383,78.489863,False,Mahatma Gandhi Bus Station,13.92
Bharat Nagar,New Market,27,17.464046,78.430048,17.373486,78.502903,True,,13.89
Bharat Nagar,Osmania Medical College,21,17.464046,78.430048,17.382358,78.481073,True,,11.25
Bharat Nagar,Paradise,21,17.464046,78.430048,17.443496,78.486186,False,Ameerpet,8.68
Bharat Nagar,Peddamma Gudi,23,17.464046,78.430048,17.4306,78.408448,False,Ameerpet,8.35
Bharat Nagar,Prakash Nagar,17,17.464046,78.430048,17.445126,78.465903,False,Ameerpet,6.5
Bharat Nagar,Punjagutta,9,17.464046,78.430048,17.428583,78.45115,True,,4.56
Bharat Nagar,RTC Cross Roads,36,17.464046,78.430048,17.407119,78.496553,False,Mahatma Gandhi Bus Station,15.66
Bharat Nagar,Raidurg,33,17.464046,78.430048,17.442274,78.377094,False,Ameerpet,13.42
Bharat Nagar,Rasoolpura,19,17.464046,78.430048,17.443606,78.476363,False,Ameerpet,7.64
Bharat Nagar,Road No. 5 Jubilee Hills,19,17.464046,78.430048,17.430088,78.422995,False,Ameerpet,6.16
Bharat Nagar,S R Nagar,5,17.464046,78.430048,17.441659,78.441634,True,,2.77
Bharat Nagar,Secunderabad East,25,17.464046,78.430048,17.435789,78.505431,False,Ameerpet,11.76
Bharat Nagar,Secunderabad West,41,17.464046,78.430048,17.433718,78.499194,False,Mahatma Gandhi Bus Station,18.99
Bharat Nagar,Stadium,36,17.464046,78.430048,17.408538,78.553504,False,Ameerpet,18.49
Bharat Nagar,Sultan Bazaar,30,17.464046,78.430048,17.384134,78.483697,False,Mahatma Gandhi Bus Station,12.6
Bharat Nagar,Tarnaka,30,17.464046,78.430048,17.428297,78.52856,False,Ameerpet,14.56
Bharat Nagar,Uppal,37,17.464046,78.430048,17.400078,78.560251,False,Ameerpet,19.57
Bharat Nagar,Victoria Memorial,34,17.464046,78.430048,17.361889,78.543962,True,,18.7
Bharat Nagar,Yousufguda,17,17.464046,78.430048,17.435081,78.427292,False,Ameerpet,5.31
Chaitanyapuri,Ameerpet,25,17.368398,78.535855,17.435697,78.444603,True,,13.96
Chaitanyapuri,Assembly,15,17.368398,78.535855,17.39813,78.470786,True,,8.65
Chaitanyapuri,Dr. B. R. Ambedkar Balanagar,35,17.368398,78.535855,17.477586,78.42099,True,,19.6
Chaitanyapuri,Begumpet,33,17.368398,78.535855,17.437583,78.456945,False,Ameerpet,15.53
Chaitanyapuri,Bharat Nagar,32,17.368398,78.535855,17.464046,78.430048,True,,17.47
Chaitanyapuri,Chikkadpally,20,17.368398,78.535855,17.400805,78.494876,False,Mahatma Gandhi Bus Station,8.58
Chaitanyapuri,Dilsukhnagar,1,17.368398,78.535855,17.368594,78.525728,True,,1.08
Chaitanyapuri,Durgam Cheruvu,46,17.368398,78.535855,17.442854,78.387646,False,Ameerpet,21.59
Chaitanyapuri,ESI Hospital,29,17.368398,78.535855,17.447377,78.438352,True,,15.42
Chaitanyapuri,Erragadda,30,17.368398,78.535855,17.457235,78.433531,True,,16.63
Chaitanyapuri,Gandhi Bhavan,12,17.368398,78.535855,17.38609,78.473099,True,,7.21
Chaitanyapuri,Gandhi Hospital,24,17.368398,78.535855,17.425639,78.501872,False,Mahatma Gandhi Bus Station,11.48
Chaitanyapuri,HITEC City,47,17.368398,78.535855,17.449025,78.383239,False,Ameerpet,22.42
Chaitanyapuri,Habsiguda,50,17.368398,78.535855,17.420218,78.540538,False,Ameerpet,26.61
Chaitanyapuri,Irrum Manzil,22,17.368398,78.535855,17.42036,78.456186,True,,11.88
Chaitanyapuri,JBS Parade Ground,29,17.368398,78.535855,17.444472,78.497483,False,Mahatma Gandhi Bus Station,14.04
Chaitanyapuri,JNTU College,41,17.368398,78.535855,17.498679,78.389015,True,,23.55
Chaitanyapuri,Jubilee Hills Check Post,39,17.368398,78.535855,17.42834,78.413688,False,Ameerpet,17.86
Chaitanyapuri,KPHB Colony,39,17.368398,78.535855,17.493796,78.401668,True,,22.06
Chaitanyapuri,Khairatabad,19,17.368398,78.535855,17.411614,78.460844,True,,10.75
Chaitanyapuri,Kukatpally,37,17.368398,78.535855,17.485121,78.411553,True,,20.6
Chaitanyapuri,LB Nagar,4,17.368398,78.535855,17.349724,78.547972,True,,2.66
Chaitanyapuri,Lakdi Ka Pul,17,17.368398,78.535855,17.403687,78.464591,True,,9.65
Chaitanyapuri,Madhapur,43,17.368398,78.535855,17.436879,78.400681,False,Ameerpet,19.7
Chaitanyapuri,Madhura Nagar,32,17.368398,78.535855,17.437715,78.44055,False,Ameerpet,14.66
Chaitanyapuri,Mahatma Gandhi Bus Station,9,17.368398,78.535855,17.379856,78.485961,True,,5.6
Chaitanyapuri,Malakpet,7,17.368398,78.535855,17.377292,78.493831,True,,4.69
Chaitanyapuri,Mettuguda,46,17.368398,78.535855,17.435572,78.5196,False,Ameerpet,23.76
Chaitanyapuri,Miyapur,43,17.368398,78.535855,17.4964542,78.3729359,True,,25.3
Chaitanyapuri,Moosapet,33,17.368398,78.535855,17.472162,78.425925,True,,18.47
Chaitanyapuri,Musarambagh,4,17.368398,78.535855,17.371136,78.511946,True,,2.59
Chaitanyapuri,Musheerabad,23,17.368398,78.535855,17.418808,78.499823,False,Mahatma Gandhi Bus Station,10.59
Chaitanyapuri,Ngri,52,17.368398,78.535855,17.414859,78.546309,False,Ameerpet,27.76
Chaitanyapuri,Nagole,57,17.368398,78.535855,17.39051,78.558659,False,Ameerpet,31.05
Chaitanyapuri,Nampally,14,17.368398,78.535855,17.392352,78.470132,True,,7.99
Chaitanyapuri,Narayanguda,18,17.368398,78.535855,17.394383,78.489863,False,Mahatma Gandhi Bus Station,7.65
Chaitanyapuri,New Market,5,17.368398,78.535855,17.373486,78.502903,True,,3.58
Chaitanyapuri,Osmania Medical College,11,17.368398,78.535855,17.382358,78.481073,True,,6.22
Chaitanyapuri,Paradise,39,17.368398,78.535855,17.443496,78.486186,False,Ameerpet,19.13
Chaitanyapuri,Peddamma Gudi,41,17.368398,78.535855,17.4306,78.408448,False,Ameerpet,18.8
Chaitanyapuri,Prakash Nagar,35,17.368398,78.535855,17.445126,78.465903,False,Ameerpet,16.95
Chaitanyapuri,Punjagutta,23,17.368398,78.535855,17.428583,78.45115,True,,12.91
Chaitanyapuri,RTC Cross Roads,22,17.368398,78.535855,17.407119,78.496553,False,Mahatma Gandhi Bus Station,9.39
Chaitanyapuri,Raidurg,51,17.368398,78.535855,17.442274,78.377094,False,Ameerpet,23.87
Chaitanyapuri,Rasoolpura,37,17.368398,78.535855,17.443606,78.476363,False,Ameerpet,18.09
Chaitanyapuri,Road No. 5 Jubilee Hills,37,17.368398,78.535855,17.430088,78.422995,False,Ameerpet,16.61
Chaitanyapuri,S R Nagar,27,17.368398,78.535855,17.441659,78.441634,True,,14.7
Chaitanyapuri,Secunderabad East,43,17.368398,78.535855,17.435789,78.505431,False,Ameerpet,22.21
Chaitanyapuri,Secunderabad West,27,17.368398,78.535855,17.433718,78.499194,False,Mahatma Gandhi Bus Station,12.72
Chaitanyapuri,Stadium,54,17.368398,78.535855,17.408538,78.553504,False,Ameerpet,28.94
Chaitanyapuri,Sultan Bazaar,16,17.368398,78.535855,17.384134,78.483697,False,Mahatma Gandhi Bus Station,6.33
Chaitanyapuri,Tarnaka,48,17.368398,78.535855,17.428297,78.52856,False,Ameerpet,25.01
Chaitanyapuri,Uppal,55,17.368398,78.535855,17.400078,78.560251,False,Ameerpet,30.02
Chaitanyapuri,Victoria Memorial,2,17.368398,78.535855,17.361889,78.543962,True,,1.23
Chaitanyapuri,Yousufguda,35,17.368398,78.535855,17.435081,78.427292,False,Ameerpet,15.76
Chikkadpally,Ameerpet,27,17.400805,78.494876,17.435697,78.444603,False,Mahatma Gandhi Bus Station,11.34
Chikkadpally,Assembly,17,17.400805,78.494876,17.39813,78.470786,False,Mahatma Gandhi Bus Station,6.03
Chikkadpally,Dr. B. R. Ambedkar Balanagar,37,17.400805,78.494876,17.477586,78.42099,False,Mahatma Gandhi Bus Station,16.98
Chikkadpally,Begumpet,22,17.400805,78.494876,17.437583,78.456945,False,JBS Parade Ground,10.26
Chikkadpally,Bharat Nagar,34,17.400805,78.494876,17.464046,78.430048,False,Mahatma Gandhi Bus Station,14.85
Chikkadpally,Chaitanyapuri,20,17.400805,78.494876,17.368398,78.535855,False,Mahatma Gandhi Bus Station,8.58
Chikkadpally,Dilsukhnagar,19,17.400805,78.494876,17.368594,78.525728,False,Mahatma Gandhi Bus Station,7.5
Chikkadpally,Durgam Cheruvu,41,17.400805,78.494876,17.442854,78.387646,False,JBS Parade Ground,19.46
Chikkadpally,ESI Hospital,31,17.400805,78.494876,17.447377,78.438352,False,Mahatma Gandhi Bus Station,12.8
Chikkadpally,Erragadda,32,17.400805,78.494876,17.457235,78.433531,False,Mahatma Gandhi Bus Station,14.01
Chikkadpally,Gandhi Bhavan,14,17.400805,78.494876,17.38609,78.473099,False,Mahatma Gandhi Bus Station,4.59
Chikkadpally,Gandhi Hospital,4,17.400805,78.494876,17.425639,78.501872,True,,2.9
Chikkadpally,HITEC City,42,17.400805,78.494876,17.449025,78.383239,False,JBS Parade Ground,20.29
Chikkadpally,Habsiguda,23,17.400805,78.494876,17.420218,78.540538,False,JBS Parade Ground,11.74
Chikkadpally,Irrum Manzil,24,17.400805,78.494876,17.42036,78.456186,False,Mahatma Gandhi Bus Station,9.26
Chikkadpally,JBS Parade Ground,9,17.400805,78.494876,17.444472,78.497483,True,,5.46
Chikkadpally,JNTU College,43,17.400805,78.494876,17.498679,78.389015,False,Mahatma Gandhi Bus Station,20.93
Chikkadpally,Jubilee Hills Check Post,34,17.400805,78.494876,17.42834,78.413688,False,JBS Parade Ground,15.73
Chikkadpally,KPHB Colony,41,17.400805,78.494876,17.493796,78.401668,False,Mahatma Gandhi Bus Station,19.44
Chikkadpally,Khairatabad,21,17.400805,78.494876,17.411614,78.460844,False,Mahatma Gandhi Bus Station,8.13
Chikkadpally,Kukatpally,39,17.400805,78.494876,17.485121,78.411553,False,Mahatma Gandhi Bus Station,17.98
Chikkadpally,LB Nagar,24,17.400805,78.494876,17.349724,78.547972,False,Mahatma Gandhi Bus Station,11.24
Chikkadpally,Lakdi Ka Pul,19,17.400805,78.494876,17.403687,78.464591,False,Mahatma Gandhi Bus Station,7.03
Chikkadpally,Madhapur,38,17.400805,78.494876,17.436879,78.400681,False,JBS Parade Ground,17.57
Chikkadpally,Madhura Nagar,27,17.400805,78.494876,17.437715,78.44055,False,JBS Parade Ground,12.53
Chikkadpally,Mahatma Gandhi Bus Station,6,17.400805,78.494876,17.379856,78.485961,True,,2.98
Chikkadpally,Malakpet,13,17.400805,78.494876,17.377292,78.493831,False,Mahatma Gandhi Bus Station,3.89
Chikkadpally,Mettuguda,19,17.400805,78.494876,17.435572,78.5196,False,JBS Parade Ground,8.89
Chikkadpally,Miyapur,45,17.400805,78.494876,17.4964542,78.3729359,False,Mahatma Gandhi Bus Station,22.68
Chikkadpally,Moosapet,35,17.400805,78.494876,17.472162,78.425925,False,Mahatma Gandhi Bus Station,15.85
Chikkadpally,Musarambagh,16,17.400805,78.494876,17.371136,78.511946,False,Mahatma Gandhi Bus Station,5.99
Chikkadpally,Musheerabad,3,17.400805,78.494876,17.418808,78.499823,True,,2.01
Chikkadpally,Ngri,25,17.400805,78.494876,17.414859,78.546309,False,JBS Parade Ground,12.89
Chikkadpally,Nagole,30,17.400805,78.494876,17.39051,78.558659,False,JBS Parade Ground,16.18
Chikkadpally,Nampally,16,17.400805,78.494876,17.392352,78.470132,False,Mahatma Gandhi Bus Station,5.37
Chikkadpally,Narayanguda,2,17.400805,78.494876,17.394383,78.489863,True,,0.93
Chikkadpally,New Market,15,17.400805,78.494876,17.373486,78.502903,False,Mahatma Gandhi Bus Station,5.0
Chikkadpally,Osmania Medical College,13,17.400805,78.494876,17.382358,78.481073,False,Mahatma Gandhi Bus Station,3.6
Chikkadpally,Paradise,16,17.400805,78.494876,17.443496,78.486186,False,JBS Parade Ground,6.66
Chikkadpally,Peddamma Gudi,36,17.400805,78.494876,17.4306,78.408448,False,JBS Parade Ground,16.67
Chikkadpally,Prakash Nagar,20,17.400805,78.494876,17.445126,78.465903,False,JBS Parade Ground,8.84
Chikkadpally,Punjagutta,25,17.400805,78.494876,17.428583,78.45115,False,Mahatma Gandhi Bus Station,10.29
Chikkadpally,RTC Cross Roads,2,17.400805,78.494876,17.407119,78.496553,True,,0.81
Chikkadpally,Raidurg,46,17.400805,78.494876,17.442274,78.377094,False,JBS Parade Ground,21.74
Chikkadpally,Rasoolpura,18,17.400805,78.494876,17.443606,78.476363,False,JBS Parade Ground,7.7
Chikkadpally,Road No. 5 Jubilee Hills,32,17.400805,78.494876,17.430088,78.422995,False,JBS Parade Ground,14.48
Chikkadpally,S R Nagar,29,17.400805,78.494876,17.441659,78.441634,False,Mahatma Gandhi Bus Station,12.08
Chikkadpally,Secunderabad East,16,17.400805,78.494876,17.435789,78.505431,False,JBS Parade Ground,7.34
Chikkadpally,Secunderabad West,7,17.400805,78.494876,17.433718,78.499194,True,,4.14
Chikkadpally,Stadium,27,17.400805,78.494876,17.408538,78.553504,False,JBS Parade Ground,14.07
Chikkadpally,Sultan Bazaar,4,17.400805,78.494876,17.384134,78.483697,True,,2.25
Chikkadpally,Tarnaka,21,17.400805,78.494876,17.428297,78.52856,False,JBS Parade Ground,10.14
Chikkadpally,Uppal,28,17.400805,78.494876,17.400078,78.560251,False,JBS Parade Ground,15.15
Chikkadpally,Victoria Memorial,22,17.400805,78.494876,17.361889,78.543962,False,Mahatma Gandhi Bus Station,9.81
Chikkadpally,Yousufguda,30,17.400805,78.494876,17.435081,78.427292,False,JBS Parade Ground,13.63
Dilsukhnagar,Ameerpet,24,17.368594,78.525728,17.435697,78.444603,True,,12.88
Dilsukhnagar,Assembly,14,17.368594,78.525728,17.39813,78.470786,True,,7.57
Dilsukhnagar,Dr. B. R. Ambedkar Balanagar,34,17.368594,78.525728,17.477586,78.42099,True,,18.52
Dilsukhnagar,Begumpet,32,17.368594,78.525728,17.437583,78.456945,False,Ameerpet,14.45
Dilsukhnagar,Bharat Nagar,31,17.368594,78.525728,17.464046,78.430048,True,,16.39
Dilsukhnagar,Chaitanyapuri,1,17.368594,78.525728,17.368398,78.535855,True,,1.08
Dilsukhnagar,Chikkadpally,19,17.368594,78.525728,17.400805,78.494876,False,Mahatma Gandhi Bus Station,7.5
Dilsukhnagar,Durgam Cheruvu,45,17.368594,78.525728,17.442854,78.387646,False,Ameerpet,20.51
Dilsukhnagar,ESI Hospital,28,17.368594,78.525728,17.447377,78.438352,True,,14.34
Dilsukhnagar,Erragadda,29,17.368594,78.525728,17.457235,78.433531,True,,15.55
Dilsukhnagar,Gandhi Bhavan,11,17.368594,78.525728,17.38609,78.473099,True,,6.13
Dilsukhnagar,Gandhi Hospital,23,17.368594,78.525728,17.425639,78.501872,False,Mahatma Gandhi Bus Station,10.4
Dilsukhnagar,HITEC City,46,17.368594,78.525728,17.449025,78.383239,False,Ameerpet,21.34
Dilsukhnagar,Habsiguda,49,17.368594,78.525728,17.420218,78.540538,False,Ameerpet,25.53
Dilsukhnagar,Irrum Manzil,21,17.368594,78.525728,17.42036,78.456186,True,,10.8
Dilsukhnagar,JBS Parade Ground,28,17.368594,78.525728,17.444472,78.497483,False,Mahatma Gandhi Bus Station,12.96
Dilsukhnagar,JNTU College,40,17.368594,78.525728,17.498679,78.389015,True,,22.47
Dilsukhnagar,Jubilee Hills Check Post,38,17.368594,78.525728,17.42834,78.413688,False,Ameerpet,16.78
Dilsukhnagar,KPHB Colony,38,17.368594,78.525728,17.493796,78.401668,True,,20.98
Dilsukhnagar,Khairatabad,18,17.368594,78.525728,17.411614,78.460844,True,,9.67
Dilsukhnagar,Kukatpally,36,17.368594,78.525728,17.485121,78.411553,True,,19.52
Dilsukhnagar,LB Nagar,5,17.368594,78.525728,17.349724,78.547972,True,,3.74
Dilsukhnagar,Lakdi Ka Pul,16,17.368594,78.525728,17.403687,78.464591,True,,8.57
Dilsukhnagar,Madhapur,42,17.368594,78.525728,17.436879,78.400681,False,Ameerpet,18.62
Dilsukhnagar,Madhura Nagar,31,17.368594,78.525728,17.437715,78.44055,False,Ameerpet,13.58
Dilsukhnagar,Mahatma Gandhi Bus Station,8,17.368594,78.525728,17.379856,78.485961,True,,4.52
Dilsukhnagar,Malakpet,6,17.368594,78.525728,17.377292,78.493831,True,,3.61
Dilsukhnagar,Mettuguda,45,17.368594,78.525728,17.435572,78.5196,False,Ameerpet,22.68
Dilsukhnagar,Miyapur,42,17.368594,78.525728,17.4964542,78.3729359,True,,24.22
Dilsukhnagar,Moosapet,32,17.368594,78.525728,17.472162,78.425925,True,,17.39
Dilsukhnagar,Musarambagh,3,17.368594,78.525728,17.371136,78.511946,True,,1.51
Dilsukhnagar,Musheerabad,22,17.368594,78.525728,17.418808,78.499823,False,Mahatma Gandhi Bus Station,9.51
Dilsukhnagar,Ngri,51,17.368594,78.525728,17.414859,78.546309,False,Ameerpet,26.68
Dilsukhnagar,Nagole,56,17.368594,78.525728,17.39051,78.558659,False,Ameerpet,29.97
Dilsukhnagar,Nampally,13,17.368594,78.525728,17.392352,78.470132,True,,6.91
Dilsukhnagar,Narayanguda,17,17.368594,78.525728,17.394383,78.489863,False,Mahatma Gandhi Bus Station,6.57
Dilsukhnagar,New Market,4,17.368594,78.525728,17.373486,78.502903,True,,2.5
Dilsukhnagar,Osmania Medical College,10,17.368594,78.525728,17.382358,78.481073,True,,5.14
Dilsukhnagar,Paradise,38,17.368594,78.525728,17.443496,78.486186,False,Ameerpet,18.05
Dilsukhnagar,Peddamma Gudi,40,17.368594,78.525728,17.4306,78.408448,False,Ameerpet,17.72
Dilsukhnagar,Prakash Nagar,34,17.368594,78.525728,17.445126,78.465903,False,Ameerpet,15.87
Dilsukhnagar,Punjagutta,22,17.368594,78.525728,17.428583,78.45115,True,,11.83
Dilsukhnagar,RTC Cross Roads,21,17.368594,78.525728,17.407119,78.496553,False,Mahatma Gandhi Bus Station,8.31
Dilsukhnagar,Raidurg,50,17.368594,78.525728,17.442274,78.377094,False,Ameerpet,22.79
Dilsukhnagar,Rasoolpura,36,17.368594,78.525728,17.443606,78.476363,False,Ameerpet,17.01
Dilsukhnagar,Road No. 5 Jubilee Hills,36,17.368594,78.525728,17.430088,78.422995,False,Ameerpet,15.53
Dilsukhnagar,S R Nagar,26,17.368594,78.525728,17.441659,78.441634,True,,13.62
Dilsukhnagar,Secunderabad East,42,17.368594,78.525728,17.435789,78.505431,False,Ameerpet,21.13
Dilsukhnagar,Secunderabad West,26,17.368594,78.525728,17.433718,78.499194,False,Mahatma Gandhi Bus Station,11.64
Dilsukhnagar,Stadium,53,17.368594,78.525728,17.408538,78.553504,False,Ameerpet,27.86
Dilsukhnagar,Sultan Bazaar,15,17.368594,78.525728,17.384134,78.483697,False,Mahatma Gandhi Bus Station,5.25
Dilsukhnagar,Tarnaka,47,17.368594,78.525728,17.428297,78.52856,False,Ameerpet,23.93
Dilsukhnagar,Uppal,54,17.368594,78.525728,17.400078,78.560251,False,Ameerpet,28.94
Dilsukhnagar,Victoria Memorial,3,17.368594,78.525728,17.361889,78.543962,True,,2.31
Dilsukhnagar,Yousufguda,34,17.368594,78.525728,17.435081,78.427292,False,Ameerpet,14.68
Durgam Cheruvu,Ameerpet,16,17.442854,78.387646,17.435697,78.444603,True,,7.63
Durgam Cheruvu,Assembly,31,17.442854,78.387646,17.39813,78.470786,False,Ameerpet,12.94
Durgam Cheruvu,Dr. B. R. Ambedkar Balanagar,31,17.442854,78.387646,17.477586,78.42099,False,Ameerpet,13.27
Durgam Cheruvu,Begumpet,19,17.442854,78.387646,17.437583,78.456945,True,,9.2
Durgam Cheruvu,Bharat Nagar,28,17.442854,78.387646,17.464046,78.430048,False,Ameerpet,11.14
Durgam Cheruvu,Chaitanyapuri,46,17.442854,78.387646,17.368398,78.535855,False,Ameerpet,21.59
Durgam Cheruvu,Chikkadpally,41,17.442854,78.387646,17.400805,78.494876,False,JBS Parade Ground,19.46
Durgam Cheruvu,Dilsukhnagar,45,17.442854,78.387646,17.368594,78.525728,False,Ameerpet,20.51
Durgam Cheruvu,ESI Hospital,25,17.442854,78.387646,17.447377,78.438352,False,Ameerpet,9.09
Durgam Cheruvu,Erragadda,26,17.442854,78.387646,17.457235,78.433531,False,Ameerpet,10.3
Durgam Cheruvu,Gandhi Bhavan,34,17.442854,78.387646,17.38609,78.473099,False,Ameerpet,14.38
Durgam Cheruvu,Gandhi Hospital,37,17.442854,78.387646,17.425639,78.501872,False,JBS Parade Ground,16.56
Durgam Cheruvu,HITEC City,1,17.442854,78.387646,17.449025,78.383239,True,,0.83
Durgam Cheruvu,Habsiguda,36,17.442854,78.387646,17.420218,78.540538,True,,20.28
Durgam Cheruvu,Irrum Manzil,24,17.442854,78.387646,17.42036,78.456186,False,Ameerpet,9.71
Durgam Cheruvu,JBS Parade Ground,27,17.442854,78.387646,17.444472,78.497483,True,,14.0
Durgam Cheruvu,JNTU College,37,17.442854,78.387646,17.498679,78.389015,False,Ameerpet,17.22
Durgam Cheruvu,Jubilee Hills Check Post,7,17.442854,78.387646,17.42834,78.413688,True,,3.73
Durgam Cheruvu,KPHB Colony,35,17.442854,78.387646,17.493796,78.401668,False,Ameerpet,15.73
Durgam Cheruvu,Khairatabad,27,17.442854,78.387646,17.411614,78.460844,False,Ameerpet,10.84
Durgam Cheruvu,Kukatpally,33,17.442854,78.387646,17.485121,78.411553,False,Ameerpet,14.27
Durgam Cheruvu,LB Nagar,50,17.442854,78.387646,17.349724,78.547972,False,Ameerpet,24.25
Durgam Cheruvu,Lakdi Ka Pul,29,17.442854,78.387646,17.403687,78.464591,False,Ameerpet,11.94
Durgam Cheruvu,Madhapur,3,17.442854,78.387646,17.436879,78.400681,True,,1.89
Durgam Cheruvu,Madhura Nagar,14,17.442854,78.387646,17.437715,78.44055,True,,6.93
Durgam Cheruvu,Mahatma Gandhi Bus Station,37,17.442854,78.387646,17.379856,78.485961,False,Ameerpet,15.99
Durgam Cheruvu,Malakpet,39,17.442854,78.387646,17.377292,78.493831,False,Ameerpet,16.9
Durgam Cheruvu,Mettuguda,32,17.442854,78.387646,17.435572,78.5196,True,,17.43
Durgam Cheruvu,Miyapur,39,17.442854,78.387646,17.4964542,78.3729359,False,Ameerpet,18.97
Durgam Cheruvu,Moosapet,29,17.442854,78.387646,17.472162,78.425925,False,Ameerpet,12.14
Durgam Cheruvu,Musarambagh,42,17.442854,78.387646,17.371136,78.511946,False,Ameerpet,19.0
Durgam Cheruvu,Musheerabad,38,17.442854,78.387646,17.418808,78.499823,False,JBS Parade Ground,17.45
Durgam Cheruvu,Ngri,38,17.442854,78.387646,17.414859,78.546309,True,,21.43
Durgam Cheruvu,Nagole,43,17.442854,78.387646,17.39051,78.558659,True,,24.72
Durgam Cheruvu,Nampally,32,17.442854,78.387646,17.392352,78.470132,False,Ameerpet,13.6
Durgam Cheruvu,Narayanguda,43,17.442854,78.387646,17.394383,78.489863,False,JBS Parade Ground,20.39
Durgam Cheruvu,New Market,41,17.442854,78.387646,17.373486,78.502903,False,Ameerpet,18.01
Durgam Cheruvu,Osmania Medical College,35,17.442854,78.387646,17.382358,78.481073,False,Ameerpet,15.37
Durgam Cheruvu,Paradise,25,17.442854,78.387646,17.443496,78.486186,True,,12.8
Durgam Cheruvu,Peddamma Gudi,5,17.442854,78.387646,17.4306,78.408448,True,,2.79
Durgam Cheruvu,Prakash Nagar,21,17.442854,78.387646,17.445126,78.465903,True,,10.62
Durgam Cheruvu,Punjagutta,23,17.442854,78.387646,17.428583,78.45115,False,Ameerpet,8.68
Durgam Cheruvu,RTC Cross Roads,39,17.442854,78.387646,17.407119,78.496553,False,JBS Parade Ground,18.65
Durgam Cheruvu,Raidurg,5,17.442854,78.387646,17.442274,78.377094,True,,2.28
Durgam Cheruvu,Rasoolpura,23,17.442854,78.387646,17.443606,78.476363,True,,11.76
Durgam Cheruvu,Road No. 5 Jubilee Hills,9,17.442854,78.387646,17.430088,78.422995,True,,4.98
Durgam Cheruvu,S R Nagar,23,17.442854,78.387646,17.441659,78.441634,False,Ameerpet,8.37
Durgam Cheruvu,Secunderabad East,29,17.442854,78.387646,17.435789,78.505431,True,,15.88
Durgam Cheruvu,Secunderabad West,34,17.442854,78.387646,17.433718,78.499194,False,JBS Parade Ground,15.32
Durgam Cheruvu,Stadium,40,17.442854,78.387646,17.408538,78.553504,True,,22.61
Durgam Cheruvu,Sultan Bazaar,45,17.442854,78.387646,17.384134,78.483697,False,JBS Parade Ground,21.71
Durgam Cheruvu,Tarnaka,34,17.442854,78.387646,17.428297,78.52856,True,,18.68
Durgam Cheruvu,Uppal,41,17.442854,78.387646,17.400078,78.560251,True,,23.69
Durgam Cheruvu,Victoria Memorial,48,17.442854,78.387646,17.361889,78.543962,False,Ameerpet,22.82
Durgam Cheruvu,Yousufguda,11,17.442854,78.387646,17.435081,78.427292,True,,5.83
ESI Hospital,Ameerpet,4,17.447377,78.438352,17.435697,78.444603,True,,1.46
ESI Hospital,Assembly,14,17.447377,78.438352,17.39813,78.470786,True,,6.77
ESI Hospital,Dr. B. R. Ambedkar Balanagar,6,17.447377,78.438352,17.477586,78.42099,True,,4.18
ESI Hospital,Begumpet,12,17.447377,78.438352,17.437583,78.456945,False,Ameerpet,3.03
ESI Hospital,Bharat Nagar,3,17.447377,78.438352,17.464046,78.430048,True,,2.05
ESI Hospital,Chaitanyapuri,29,17.447377,78.438352,17.368398,78.535855,True,,15.42
ESI Hospital,Chikkadpally,31,17.447377,78.438352,17.400805,78.494876,False,Mahatma Gandhi Bus Station,12.8
ESI Hospital,Dilsukhnagar,28,17.447377,78.438352,17.368594,78.525728,True,,14.34
ESI Hospital,Durgam Cheruvu,25,17.447377,78.438352,17.442854,78.387646,False,Ameerpet,9.09
ESI Hospital,Erragadda,1,17.447377,78.438352,17.457235,78.433531,True,,1.21
ESI Hospital,Gandhi Bhavan,17,17.447377,78.438352,17.38609,78.473099,True,,8.21
ESI Hospital,Gandhi Hospital,35,17.447377,78.438352,17.425639,78.501872,False,Mahatma Gandhi Bus Station,15.7
ESI Hospital,HITEC City,26,17.447377,78.438352,17.449025,78.383239,False,Ameerpet,9.92
ESI Hospital,Habsiguda,29,17.447377,78.438352,17.420218,78.540538,False,Ameerpet,14.11
ESI Hospital,Irrum Manzil,7,17.447377,78.438352,17.42036,78.456186,True,,3.54
ESI Hospital,JBS Parade Ground,40,17.447377,78.438352,17.444472,78.497483,False,Ameerpet,18.26
ESI Hospital,JNTU College,12,17.447377,78.438352,17.498679,78.389015,True,,8.13
ESI Hospital,Jubilee Hills Check Post,18,17.447377,78.438352,17.42834,78.413688,False,Ameerpet,5.36
ESI Hospital,KPHB Colony,10,17.447377,78.438352,17.493796,78.401668,True,,6.64
ESI Hospital,Khairatabad,10,17.447377,78.438352,17.411614,78.460844,True,,4.67
ESI Hospital,Kukatpally,8,17.447377,78.438352,17.485121,78.411553,True,,5.18
ESI Hospital,LB Nagar,33,17.447377,78.438352,17.349724,78.547972,True,,18.08
ESI Hospital,Lakdi Ka Pul,12,17.447377,78.438352,17.403687,78.464591,True,,5.77
ESI Hospital,Madhapur,22,17.447377,78.438352,17.436879,78.400681,False,Ameerpet,7.2
ESI Hospital,Madhura Nagar,11,17.447377,78.438352,17.437715,78.44055,False,Ameerpet,2.16
ESI Hospital,Mahatma Gandhi Bus Station,20,17.447377,78.438352,17.379856,78.485961,True,,9.82
ESI Hospital,Malakpet,22,17.447377,78.438352,17.377292,78.493831,True,,10.73
ESI Hospital,Mettuguda,25,17.447377,78.438352,17.435572,78.5196,False,Ameerpet,11.26
ESI Hospital,Miyapur,14,17.447377,78.438352,17.4964542,78.3729359,True,,9.88
ESI Hospital,Moosapet,4,17.447377,78.438352,17.472162,78.425925,True,,3.05
ESI Hospital,Musarambagh,25,17.447377,78.438352,17.371136,78.511946,True,,12.83
ESI Hospital,Musheerabad,34,17.447377,78.438352,17.418808,78.499823,False,Mahatma Gandhi Bus Station,14.81
ESI Hospital,Ngri,31,17.447377,78.438352,17.414859,78.546309,False,Ameerpet,15.26
ESI Hospital,Nagole,36,17.447377,78.438352,17.39051,78.558659,False,Ameerpet,18.55
ESI Hospital,Nampally,15,17.447377,78.438352,17.392352,78.470132,True,,7.43
ESI Hospital,Narayanguda,29,17.447377,78.438352,17.394383,78.489863,False,Mahatma Gandhi Bus Station,11.87
ESI Hospital,New Market,24,17.447377,78.438352,17.373486,78.502903,True,,11.84
ESI Hospital,Osmania Medical College,18,17.447377,78.438352,17.382358,78.481073,True,,9.2
ESI Hospital,Paradise,18,17.447377,78.438352,17.443496,78.486186,False,Ameerpet,6.63
ESI Hospital,Peddamma Gudi,20,17.447377,78.438352,17.4306,78.408448,False,Ameerpet,6.3
ESI Hospital,Prakash Nagar,14,17.447377,78.438352,17.445126,78.465903,False,Ameerpet,4.45
ESI Hospital,Punjagutta,6,17.447377,78.438352,17.428583,78.45115,True,,2.51
ESI Hospital,RTC Cross Roads,33,17.447377,78.438352,17.407119,78.496553,False,Mahatma Gandhi Bus Station,13.61
ESI Hospital,Raidurg,30,17.447377,78.438352,17.442274,78.377094,False,Ameerpet,11.37
ESI Hospital,Rasoolpura,16,17.447377,78.438352,17.443606,78.476363,False,Ameerpet,5.59
ESI Hospital,Road No. 5 Jubilee Hills,16,17.447377,78.438352,17.430088,78.422995,False,Ameerpet,4.11
ESI Hospital,S R Nagar,2,17.447377,78.438352,17.441659,78.441634,True,,0.72
ESI Hospital,Secunderabad East,22,17.447377,78.438352,17.435789,78.505431,False,Ameerpet,9.71
ESI Hospital,Secunderabad West,38,17.447377,78.438352,17.433718,78.499194,False,Mahatma Gandhi Bus Station,16.94
ESI Hospital,Stadium,33,17.447377,78.438352,17.408538,78.553504,False,Ameerpet,16.44
ESI Hospital,Sultan Bazaar,27,17.447377,78.438352,17.384134,78.483697,False,Mahatma Gandhi Bus Station,10.55
ESI Hospital,Tarnaka,27,17.447377,78.438352,17.428297,78.52856,False,Ameerpet,12.51
ESI Hospital,Uppal,34,17.447377,78.438352,17.400078,78.560251,False,Ameerpet,17.52
ESI Hospital,Victoria Memorial,31,17.447377,78.438352,17.361889,78.543962,True,,16.65
ESI Hospital,Yousufguda,14,17.447377,78.438352,17.435081,78.427292,False,Ameerpet,3.26
Erragadda,Ameerpet,5,17.457235,78.433531,17.435697,78.444603,True,,2.67
Erragadda,Assembly,15,17.457235,78.433531,17.39813,78.470786,True,,7.98
Erragadda,Dr. B. R. Ambedkar Balanagar,5,17.457235,78.433531,17.477586,78.42099,True,,2.97
Erragadda,Begumpet,13,17.457235,78.433531,17.437583,78.456945,False,Ameerpet,4.24
Erragadda,Bharat Nagar,2,17.457235,78.433531,17.464046,78.430048,True,,0.84
Erragadda,Chaitanyapuri,30,17.457235,78.433531,17.368398,78.535855,True,,16.63
Erragadda,Chikkadpally,32,17.457235,78.433531,17.400805,78.494876,False,Mahatma Gandhi Bus Station,14.01
Erragadda,Dilsukhnagar,29,17.457235,78.433531,17.368594,78.525728,True,,15.55
Erragadda,Durgam Cheruvu,26,17.457235,78.433531,17.442854,78.387646,False,Ameerpet,10.3
Erragadda,ESI Hospital,1,17.457235,78.433531,17.447377,78.438352,True,,1.21
Erragadda,Gandhi Bhavan,18,17.457235,78.433531,17.38609,78.473099,True,,9.42
Erragadda,Gandhi Hospital,36,17.457235,78.433531,17.425639,78.501872,False,Mahatma Gandhi Bus Station,16.91
Erragadda,HITEC City,27,17.457235,78.433531,17.449025,78.383239,False,Ameerpet,11.13
Erragadda,Habsiguda,30,17.457235,78.433531,17.420218,78.540538,False,Ameerpet,15.32
Erragadda,Irrum Manzil,8,17.457235,78.433531,17.42036,78.456186,True,,4.75
Erragadda,JBS Parade Ground,41,17.457235,78.433531,17.444472,78.497483,False,Ameerpet,19.47
Erragadda,JNTU College,11,17.457235,78.433531,17.498679,78.389015,True,,6.92
Erragadda,Jubilee Hills Check Post,19,17.457235,78.433531,17.42834,78.413688,False,Ameerpet,6.57
Erragadda,KPHB Colony,9,17.457235,78.433531,17.493796,78.401668,True,,5.43
Erragadda,Khairatabad,11,17.457235,78.433531,17.411614,78.460844,True,,5.88
Erragadda,Kukatpally,7,17.457235,78.433531,17.485121,78.411553,True,,3.97
Erragadda,LB Nagar,34,17.457235,78.433531,17.349724,78.547972,True,,19.29
Erragadda,Lakdi Ka Pul,13,17.457235,78.433531,17.403687,78.464591,True,,6.98
Erragadda,Madhapur,23,17.457235,78.433531,17.436879,78.400681,False,Ameerpet,8.41
Erragadda,Madhura Nagar,12,17.457235,78.433531,17.437715,78.44055,False,Ameerpet,3.37
Erragadda,Mahatma Gandhi Bus Station,21,17.457235,78.433531,17.379856,78.485961,True,,11.03
Erragadda,Malakpet,23,17.457235,78.433531,17.377292,78.493831,True,,11.94
Erragadda,Mettuguda,26,17.457235,78.433531,17.435572,78.5196,False,Ameerpet,12.47
Erragadda,Miyapur,13,17.457235,78.433531,17.4964542,78.3729359,True,,8.67
Erragadda,Moosapet,3,17.457235,78.433531,17.472162,78.425925,True,,1.84
Erragadda,Musarambagh,26,17.457235,78.433531,17.371136,78.511946,True,,14.04
Erragadda,Musheerabad,35,17.457235,78.433531,17.418808,78.499823,False,Mahatma Gandhi Bus Station,16.02
Erragadda,Ngri,32,17.457235,78.433531,17.414859,78.546309,False,Ameerpet,16.47
Erragadda,Nagole,37,17.457235,78.433531,17.39051,78.558659,False,Ameerpet,19.76
Erragadda,Nampally,16,17.457235,78.433531,17.392352,78.470132,True,,8.64
Erragadda,Narayanguda,30,17.457235,78.433531,17.394383,78.489863,False,Mahatma Gandhi Bus Station,13.08
Erragadda,New Market,25,17.457235,78.433531,17.373486,78.502903,True,,13.05
Erragadda,Osmania Medical College,19,17.457235,78.433531,17.382358,78.481073,True,,10.41
Erragadda,Paradise,19,17.457235,78.433531,17.443496,78.486186,False,Ameerpet,7.84
Erragadda,Peddamma Gudi,21,17.457235,78.433531,17.4306,78.408448,False,Ameerpet,7.51
Erragadda,Prakash Nagar,15,17.457235,78.433531,17.445126,78.465903,False,Ameerpet,5.66
Erragadda,Punjagutta,7,17.457235,78.433531,17.428583,78.45115,True,,3.72
Erragadda,RTC Cross Roads,34,17.457235,78.433531,17.407119,78.496553,False,Mahatma Gandhi Bus Station,14.82
Erragadda,Raidurg,31,17.457235,78.433531,17.442274,78.377094,False,Ameerpet,12.58
Erragadda,Rasoolpura,17,17.457235,78.433531,17.443606,78.476363,False,Ameerpet,6.8
Erragadda,Road No. 5 Jubilee Hills,17,17.457235,78.433531,17.430088,78.422995,False,Ameerpet,5.32
Erragadda,S R Nagar,3,17.457235,78.433531,17.441659,78.441634,True,,1.93
Erragadda,Secunderabad East,23,17.457235,78.433531,17.435789,78.505431,False,Ameerpet,10.92
Erragadda,Secunderabad West,39,17.457235,78.433531,17.433718,78.499194,False,Mahatma Gandhi Bus Station,18.15
Erragadda,Stadium,34,17.457235,78.433531,17.408538,78.553504,False,Ameerpet,17.65
Erragadda,Sultan Bazaar,28,17.457235,78.433531,17.384134,78.483697,False,Mahatma Gandhi Bus Station,11.76
Erragadda,Tarnaka,28,17.457235,78.433531,17.428297,78.52856,False,Ameerpet,13.72
Erragadda,Uppal,35,17.457235,78.433531,17.400078,78.560251,False,Ameerpet,18.73
Erragadda,Victoria Memorial,32,17.457235,78.433531,17.361889,78.543962,True,,17.86
Erragadda,Yousufguda,15,17.457235,78.433531,17.435081,78.427292,False,Ameerpet,4.47
Gandhi Bhavan,Ameerpet,13,17.38609,78.473099,17.435697,78.444603,True,,6.75
Gandhi Bhavan,Assembly,3,17.38609,78.473099,17.39813,78.470786,True,,1.44
Gandhi Bhavan,Dr. B. R. Ambedkar Balanagar,23,17.38609,78.473099,17.477586,78.42099,True,,12.39
Gandhi Bhavan,Begumpet,21,17.38609,78.473099,17.437583,78.456945,False,Ameerpet,8.32
Gandhi Bhavan,Bharat Nagar,20,17.38609,78.473099,17.464046,78.430048,True,,10.26
Gandhi Bhavan,Chaitanyapuri,12,17.38609,78.473099,17.368398,78.535855,True,,7.21
Gandhi Bhavan,Chikkadpally,14,17.38609,78.473099,17.400805,78.494876,False,Mahatma Gandhi Bus Station,4.59
Gandhi Bhavan,Dilsukhnagar,11,17.38609,78.473099,17.368594,78.525728,True,,6.13
Gandhi Bhavan,Durgam Cheruvu,34,17.38609,78.473099,17.442854,78.387646,False,Ameerpet,14.38
Gandhi Bhavan,ESI Hospital,17,17.38609,78.473099,17.447377,78.438352,True,,8.21
Gandhi Bhavan,Erragadda,18,17.38609,78.473099,17.457235,78.433531,True,,9.42
Gandhi Bhavan,Gandhi Hospital,18,17.38609,78.473099,17.425639,78.501872,False,Mahatma Gandhi Bus Station,7.49
Gandhi Bhavan,HITEC City,35,17.38609,78.473099,17.449025,78.383239,False,Ameerpet,15.21
Gandhi Bhavan,Habsiguda,38,17.38609,78.473099,17.420218,78.540538,False,Ameerpet,19.4
Gandhi Bhavan,Irrum Manzil,10,17.38609,78.473099,17.42036,78.456186,True,,4.67
Gandhi Bhavan,JBS Parade Ground,23,17.38609,78.473099,17.444472,78.497483,False,Mahatma Gandhi Bus Station,10.05
Gandhi Bhavan,JNTU College,29,17.38609,78.473099,17.498679,78.389015,True,,16.34
Gandhi Bhavan,Jubilee Hills Check Post,27,17.38609,78.473099,17.42834,78.413688,False,Ameerpet,10.65
Gandhi Bhavan,KPHB Colony,27,17.38609,78.473099,17.493796,78.401668,True,,14.85
Gandhi Bhavan,Khairatabad,7,17.38609,78.473099,17.411614,78.460844,True,,3.54
Gandhi Bhavan,Kukatpally,25,17.38609,78.473099,17.485121,78.411553,True,,13.39
Gandhi Bhavan,LB Nagar,16,17.38609,78.473099,17.349724,78.547972,True,,9.87
Gandhi Bhavan,Lakdi Ka Pul,5,17.38609,78.473099,17.403687,78.464591,True,,2.44
Gandhi Bhavan,Madhapur,31,17.38609,78.473099,17.436879,78.400681,False,Ameerpet,12.49
Gandhi Bhavan,Madhura Nagar,20,17.38609,78.473099,17.437715,78.44055,False,Ameerpet,7.45
Gandhi Bhavan,Mahatma Gandhi Bus Station,3,17.38609,78.473099,17.379856,78.485961,True,,1.61
Gandhi Bhavan,Malakpet,5,17.38609,78.473099,17.377292,78.493831,True,,2.52
Gandhi Bhavan,Mettuguda,34,17.38609,78.473099,17.435572,78.5196,False,Ameerpet,16.55
Gandhi Bhavan,Miyapur,31,17.38609,78.473099,17.4964542,78.3729359,True,,18.09
Gandhi Bhavan,Moosapet,21,17.38609,78.473099,17.472162,78.425925,True,,11.26
Gandhi Bhavan,Musarambagh,8,17.38609,78.473099,17.371136,78.511946,True,,4.62
Gandhi Bhavan,Musheerabad,17,17.38609,78.473099,17.418808,78.499823,False,Mahatma Gandhi Bus Station,6.6
Gandhi Bhavan,Ngri,40,17.38609,78.473099,17.414859,78.546309,False,Ameerpet,20.55
Gandhi Bhavan,Nagole,45,17.38609,78.473099,17.39051,78.558659,False,Ameerpet,23.84
Gandhi Bhavan,Nampally,2,17.38609,78.473099,17.392352,78.470132,True,,0.78
Gandhi Bhavan,Narayanguda,12,17.38609,78.473099,17.394383,78.489863,False,Mahatma Gandhi Bus Station,3.66
Gandhi Bhavan,New Market,7,17.38609,78.473099,17.373486,78.502903,True,,3.63
Gandhi Bhavan,Osmania Medical College,1,17.38609,78.473099,17.382358,78.481073,True,,0.99
Gandhi Bhavan,Paradise,27,17.38609,78.473099,17.443496,78.486186,False,Ameerpet,11.92
Gandhi Bhavan,Peddamma Gudi,29,17.38609,78.473099,17.4306,78.408448,False,Ameerpet,11.59
Gandhi Bhavan,Prakash Nagar,23,17.38609,78.473099,17.445126,78.465903,False,Ameerpet,9.74
Gandhi Bhavan,Punjagutta,11,17.38609,78.473099,17.428583,78.45115,True,,5.7
Gandhi Bhavan,RTC Cross Roads,16,17.38609,78.473099,17.407119,78.496553,False,Mahatma Gandhi Bus Station,5.4
Gandhi Bhavan,Raidurg,39,17.38609,78.473099,17.442274,78.377094,False,Ameerpet,16.66
Gandhi Bhavan,Rasoolpura,25,17.38609,78.473099,17.443606,78.476363,False,Ameerpet,10.88
Gandhi Bhavan,Road No. 5 Jubilee Hills,25,17.38609,78.473099,17.430088,78.422995,False,Ameerpet,9.4
Gandhi Bhavan,S R Nagar,15,17.38609,78.473099,17.441659,78.441634,True,,7.49
Gandhi Bhavan,Secunderabad East,31,17.38609,78.473099,17.435789,78.505431,False,Ameerpet,15.0
Gandhi Bhavan,Secunderabad West,21,17.38609,78.473099,17.433718,78.499194,False,Mahatma Gandhi Bus Station,8.73
Gandhi Bhavan,Stadium,42,17.38609,78.473099,17.408538,78.553504,False,Ameerpet,21.73
Gandhi Bhavan,Sultan Bazaar,10,17.38609,78.473099,17.384134,78.483697,False,Mahatma Gandhi Bus Station,2.34
Gandhi Bhavan,Tarnaka,36,17.38609,78.473099,17.428297,78.52856,False,Ameerpet,17.8
Gandhi Bhavan,Uppal,43,17.38609,78.473099,17.400078,78.560251,False,Ameerpet,22.81
Gandhi Bhavan,Victoria Memorial,14,17.38609,78.473099,17.361889,78.543962,True,,8.44
Gandhi Bhavan,Yousufguda,23,17.38609,78.473099,17.435081,78.427292,False,Ameerpet,8.55
Gandhi Hospital,Ameerpet,31,17.425639,78.501872,17.435697,78.444603,False,JBS Parade Ground,14.24
Gandhi Hospital,Assembly,21,17.425639,78.501872,17.39813,78.470786,False,Mahatma Gandhi Bus Station,8.93
Gandhi Hospital,Dr. B. R. Ambedkar Balanagar,41,17.425639,78.501872,17.477586,78.42099,False,Mahatma Gandhi Bus Station,19.88
Gandhi Hospital,Begumpet,18,17.425639,78.501872,17.437583,78.456945,False,JBS Parade Ground,7.36
Gandhi Hospital,Bharat Nagar,38,17.425639,78.501872,17.464046,78.430048,False,Mahatma Gandhi Bus Station,17.75
Gandhi Hospital,Chaitanyapuri,24,17.425639,78.501872,17.368398,78.535855,False,Mahatma Gandhi Bus Station,11.48
Gandhi Hospital,Chikkadpally,4,17.425639,78.501872,17.400805,78.494876,True,,2.9
Gandhi Hospital,Dilsukhnagar,23,17.425639,78.501872,17.368594,78.525728,False,Mahatma Gandhi Bus Station,10.4
Gandhi Hospital,Durgam Cheruvu,37,17.425639,78.501872,17.442854,78.387646,False,JBS Parade Ground,16.56
Gandhi Hospital,ESI Hospital,35,17.425639,78.501872,17.447377,78.438352,False,Mahatma Gandhi Bus Station,15.7
Gandhi Hospital,Erragadda,36,17.425639,78.501872,17.457235,78.433531,False,Mahatma Gandhi Bus Station,16.91
Gandhi Hospital,Gandhi Bhavan,18,17.425639,78.501872,17.38609,78.473099,False,Mahatma Gandhi Bus Station,7.49
Gandhi Hospital,HITEC City,38,17.425639,78.501872,17.449025,78.383239,False,JBS Parade Ground,17.39
Gandhi Hospital,Habsiguda,19,17.425639,78.501872,17.420218,78.540538,False,JBS Parade Ground,8.84
Gandhi Hospital,Irrum Manzil,28,17.425639,78.501872,17.42036,78.456186,False,Mahatma Gandhi Bus Station,12.16
Gandhi Hospital,JBS Parade Ground,5,17.425639,78.501872,17.444472,78.497483,True,,2.56
Gandhi Hospital,JNTU College,47,17.425639,78.501872,17.498679,78.389015,False,Mahatma Gandhi Bus Station,23.83
Gandhi Hospital,Jubilee Hills Check Post,30,17.425639,78.501872,17.42834,78.413688,False,JBS Parade Ground,12.83
Gandhi Hospital,KPHB Colony,45,17.425639,78.501872,17.493796,78.401668,False,Mahatma Gandhi Bus Station,22.34
Gandhi Hospital,Khairatabad,25,17.425639,78.501872,17.411614,78.460844,False,Mahatma Gandhi Bus Station,11.03
Gandhi Hospital,Kukatpally,43,17.425639,78.501872,17.485121,78.411553,False,Mahatma Gandhi Bus Station,20.88
Gandhi Hospital,LB Nagar,28,17.425639,78.501872,17.349724,78.547972,False,Mahatma Gandhi Bus Station,14.14
Gandhi Hospital,Lakdi Ka Pul,23,17.425639,78.501872,17.403687,78.464591,False,Mahatma Gandhi Bus Station,9.93
Gandhi Hospital,Madhapur,34,17.425639,78.501872,17.436879,78.400681,False,JBS Parade Ground,14.67
Gandhi Hospital,Madhura Nagar,23,17.425639,78.501872,17.437715,78.44055,False,JBS Parade Ground,9.63
Gandhi Hospital,Mahatma Gandhi Bus Station,10,17.425639,78.501872,17.379856,78.485961,True,,5.88
Gandhi Hospital,Malakpet,17,17.425639,78.501872,17.377292,78.493831,False,Mahatma Gandhi Bus Station,6.79
Gandhi Hospital,Mettuguda,15,17.425639,78.501872,17.435572,78.5196,False,JBS Parade Ground,5.99
Gandhi Hospital,Miyapur,49,17.425639,78.501872,17.4964542,78.3729359,False,Mahatma Gandhi Bus Station,25.58
Gandhi Hospital,Moosapet,39,17.425639,78.501872,17.472162,78.425925,False,Mahatma Gandhi Bus Station,18.75
Gandhi Hospital,Musarambagh,20,17.425639,78.501872,17.371136,78.511946,False,Mahatma Gandhi Bus Station,8.89
Gandhi Hospital,Musheerabad,1,17.425639,78.501872,17.418808,78.499823,True,,0.89
Gandhi Hospital,Ngri,21,17.425639,78.501872,17.414859,78.546309,False,JBS Parade Ground,9.99
Gandhi Hospital,Nagole,26,17.425639,78.501872,17.39051,78.558659,False,JBS Parade Ground,13.28
Gandhi Hospital,Nampally,20,17.425639,78.501872,17.392352,78.470132,False,Mahatma Gandhi Bus Station,8.27
Gandhi Hospital,Narayanguda,6,17.425639,78.501872,17.394383,78.489863,True,,3.83
Gandhi Hospital,New Market,19,17.425639,78.501872,17.373486,78.502903,False,Mahatma Gandhi Bus Station,7.9
Gandhi Hospital,Osmania Medical College,17,17.425639,78.501872,17.382358,78.481073,False,Mahatma Gandhi Bus Station,6.5
Gandhi Hospital,Paradise,12,17.425639,78.501872,17.443496,78.486186,False,JBS Parade Ground,3.76
Gandhi Hospital,Peddamma Gudi,32,17.425639,78.501872,17.4306,78.408448,False,JBS Parade Ground,13.77
Gandhi Hospital,Prakash Nagar,16,17.425639,78.501872,17.445126,78.465903,False,JBS Parade Ground,5.94
Gandhi Hospital,Punjagutta,29,17.425639,78.501872,17.428583,78.45115,False,Mahatma Gandhi Bus Station,13.19
Gandhi Hospital,RTC Cross Roads,2,17.425639,78.501872,17.407119,78.496553,True,,2.09
Gandhi Hospital,Raidurg,42,17.425639,78.501872,17.442274,78.377094,False,JBS Parade Ground,18.84
Gandhi Hospital,Rasoolpura,14,17.425639,78.501872,17.443606,78.476363,False,JBS Parade Ground,4.8
Gandhi Hospital,Road No. 5 Jubilee Hills,28,17.425639,78.501872,17.430088,78.422995,False,JBS Parade Ground,11.58
Gandhi Hospital,S R Nagar,33,17.425639,78.501872,17.441659,78.441634,False,Mahatma Gandhi Bus Station,14.98
Gandhi Hospital,Secunderabad East,12,17.425639,78.501872,17.435789,78.505431,False,JBS Parade Ground,4.44
Gandhi Hospital,Secunderabad West,3,17.425639,78.501872,17.433718,78.499194,True,,1.24
Gandhi Hospital,Stadium,23,17.425639,78.501872,17.408538,78.553504,False,JBS Parade Ground,11.17
Gandhi Hospital,Sultan Bazaar,8,17.425639,78.501872,17.384134,78.483697,True,,5.15
Gandhi Hospital,Tarnaka,17,17.425639,78.501872,17.428297,78.52856,False,JBS Parade Ground,7.24
Gandhi Hospital,Uppal,24,17.425639,78.501872,17.400078,78.560251,False,JBS Parade Ground,12.25
Gandhi Hospital,Victoria Memorial,26,17.425639,78.501872,17.361889,78.543962,False,Mahatma Gandhi Bus Station,12.71
Gandhi Hospital,Yousufguda,26,17.425639,78.501872,17.435081,78.427292,False,JBS Parade Ground,10.73
HITEC City,Ameerpet,17,17.449025,78.383239,17.435697,78.444603,True,,8.46
HITEC City,Assembly,32,17.449025,78.383239,17.39813,78.470786,False,Ameerpet,13.77
HITEC City,Dr. B. R. Ambedkar Balanagar,32,17.449025,78.383239,17.477586,78.42099,False,Ameerpet,14.1
HITEC City,Begumpet,20,17.449025,78.383239,17.437583,78.456945,True,,10.03
HITEC City,Bharat Nagar,29,17.449025,78.383239,17.464046,78.430048,False,Ameerpet,11.97
HITEC City,Chaitanyapuri,47,17.449025,78.383239,17.368398,78.535855,False,Ameerpet,22.42
HITEC City,Chikkadpally,42,17.449025,78.383239,17.400805,78.494876,False,JBS Parade Ground,20.29
HITEC City,Dilsukhnagar,46,17.449025,78.383239,17.368594,78.525728,False,Ameerpet,21.34
HITEC City,Durgam Cheruvu,1,17.449025,78.383239,17.442854,78.387646,True,,0.83
HITEC City,ESI Hospital,26,17.449025,78.383239,17.447377,78.438352,False,Ameerpet,9.92
HITEC City,Erragadda,27,17.449025,78.383239,17.457235,78.433531,False,Ameerpet,11.13
HITEC City,Gandhi Bhavan,35,17.449025,78.383239,17.38609,78.473099,False,Ameerpet,15.21
HITEC City,Gandhi Hospital,38,17.449025,78.383239,17.425639,78.501872,False,JBS Parade Ground,17.39
HITEC City,Habsiguda,37,17.449025,78.383239,17.420218,78.540538,True,,21.11
HITEC City,Irrum Manzil,25,17.449025,78.383239,17.42036,78.456186,False,Ameerpet,10.54
HITEC City,JBS Parade Ground,28,17.449025,78.383239,17.444472,78.497483,True,,14.83
HITEC City,JNTU College,38,17.449025,78.383239,17.498679,78.389015,False,Ameerpet,18.05
HITEC City,Jubilee Hills Check Post,8,17.449025,78.383239,17.42834,78.413688,True,,4.56
HITEC City,KPHB Colony,36,17.449025,78.383239,17.493796,78.401668,False,Ameerpet,16.56
HITEC City,Khairatabad,28,17.449025,78.383239,17.411614,78.460844,False,Ameerpet,11.67
HITEC City,Kukatpally,34,17.449025,78.383239,17.485121,78.411553,False,Ameerpet,15.1
HITEC City,LB Nagar,51,17.449025,78.383239,17.349724,78.547972,False,Ameerpet,25.08
HITEC City,Lakdi Ka Pul,30,17.449025,78.383239,17.403687,78.464591,False,Ameerpet,12.77
HITEC City,Madhapur,4,17.449025,78.383239,17.436879,78.400681,True,,2.72
HITEC City,Madhura Nagar,15,17.449025,78.383239,17.437715,78.44055,True,,7.76
HITEC City,Mahatma Gandhi Bus Station,38,17.449025,78.383239,17.379856,78.485961,False,Ameerpet,16.82
HITEC City,Malakpet,40,17.449025,78.383239,17.377292,78.493831,False,Ameerpet,17.73
HITEC City,Mettuguda,33,17.449025,78.383239,17.435572,78.5196,True,,18.26
HITEC City,Miyapur,40,17.449025,78.383239,17.4964542,78.3729359,False,Ameerpet,19.8
HITEC City,Moosapet,30,17.449025,78.383239,17.472162,78.425925,False,Ameerpet,12.97
HITEC City,Musarambagh,43,17.449025,78.383239,17.371136,78.511946,False,Ameerpet,19.83
HITEC City,Musheerabad,39,17.449025,78.383239,17.418808,78.499823,False,JBS Parade Ground,18.28
HITEC City,Ngri,39,17.449025,78.383239,17.414859,78.546309,True,,22.26
HITEC City,Nagole,44,17.449025,78.383239,17.39051,78.558659,True,,25.55
HITEC City,Nampally,33,17.449025,78.383239,17.392352,78.470132,False,Ameerpet,14.43
HITEC City,Narayanguda,44,17.449025,78.383239,17.394383,78.489863,False,JBS Parade Ground,21.22
HITEC City,New Market,42,17.449025,78.383239,17.373486,78.502903,False,Ameerpet,18.84
HITEC City,Osmania Medical College,36,17.449025,78.383239,17.382358,78.481073,False,Ameerpet,16.2
HITEC City,Paradise,26,17.449025,78.383239,17.443496,78.486186,True,,13.63
HITEC City,Peddamma Gudi,6,17.449025,78.383239,17.4306,78.408448,True,,3.62
HITEC City,Prakash Nagar,22,17.449025,78.383239,17.445126,78.465903,True,,11.45
HITEC City,Punjagutta,24,17.449025,78.383239,17.428583,78.45115,False,Ameerpet,9.51
HITEC City,RTC Cross Roads,40,17.449025,78.383239,17.407119,78.496553,False,JBS Parade Ground,19.48
HITEC City,Raidurg,4,17.449025,78.383239,17.442274,78.377094,True,,1.45
HITEC City,Rasoolpura,24,17.449025,78.383239,17.443606,78.476363,True,,12.59
HITEC City,Road No. 5 Jubilee Hills,10,17.449025,78.383239,17.430088,78.422995,True,,5.81
HITEC City,S R Nagar,24,17.449025,78.383239,17.441659,78.441634,False,Ameerpet,9.2
HITEC City,Secunderabad East,30,17.449025,78.383239,17.435789,78.505431,True,,16.71
HITEC City,Secunderabad West,35,17.449025,78.383239,17.433718,78.499194,False,JBS Parade Ground,16.15
HITEC City,Stadium,41,17.449025,78.383239,17.408538,78.553504,True,,23.44
HITEC City,Sultan Bazaar,46,17.449025,78.383239,17.384134,78.483697,False,JBS Parade Ground,22.54
HITEC City,Tarnaka,35,17.449025,78.383239,17.428297,78.52856,True,,19.51
HITEC City,Uppal,42,17.449025,78.383239,17.400078,78.560251,True,,24.52
HITEC City,Victoria Memorial,49,17.449025,78.383239,17.361889,78.543962,False,Ameerpet,23.65
HITEC City,Yousufguda,12,17.449025,78.383239,17.435081,78.427292,True,,6.66
Habsiguda,Ameerpet,20,17.420218,78.540538,17.435697,78.444603,True,,12.65
Habsiguda,Assembly,35,17.420218,78.540538,17.39813,78.470786,False,Ameerpet,17.96
Habsiguda,Dr. B. R. Ambedkar Balanagar,35,17.420218,78.540538,17.477586,78.42099,False,Ameerpet,18.29
Habsiguda,Begumpet,17,17.420218,78.540538,17.437583,78.456945,True,,11.08
Habsiguda,Bharat Nagar,32,17.420218,78.540538,17.464046,78.430048,False,Ameerpet,16.16
Habsiguda,Chaitanyapuri,50,17.420218,78.540538,17.368398,78.535855,False,Ameerpet,26.61
Habsiguda,Chikkadpally,23,17.420218,78.540538,17.400805,78.494876,False,JBS Parade Ground,11.74
Habsiguda,Dilsukhnagar,49,17.420218,78.540538,17.368594,78.525728,False,Ameerpet,25.53
Habsiguda,Durgam Cheruvu,36,17.420218,78.540538,17.442854,78.387646,True,,20.28
Habsiguda,ESI Hospital,29,17.420218,78.540538,17.447377,78.438352,False,Ameerpet,14.11
Habsiguda,Erragadda,30,17.420218,78.540538,17.457235,78.433531,False,Ameerpet,15.32
Habsiguda,Gandhi Bhavan,38,17.420218,78.540538,17.38609,78.473099,False,Ameerpet,19.4
Habsiguda,Gandhi Hospital,19,17.420218,78.540538,17.425639,78.501872,False,JBS Parade Ground,8.84
Habsiguda,HITEC City,37,17.420218,78.540538,17.449025,78.383239,True,,21.11
Habsiguda,Irrum Manzil,28,17.420218,78.540538,17.42036,78.456186,False,Ameerpet,14.73
Habsiguda,JBS Parade Ground,9,17.420218,78.540538,17.444472,78.497483,True,,6.28
Habsiguda,JNTU College,41,17.420218,78.540538,17.498679,78.389015,False,Ameerpet,22.24
Habsiguda,Jubilee Hills Check Post,29,17.420218,78.540538,17.42834,78.413688,True,,16.55
Habsiguda,KPHB Colony,39,17.420218,78.540538,17.493796,78.401668,False,Ameerpet,20.75
Habsiguda,Khairatabad,31,17.420218,78.540538,17.411614,78.460844,False,Ameerpet,15.86
Habsiguda,Kukatpally,37,17.420218,78.540538,17.485121,78.411553,False,Ameerpet,19.29
Habsiguda,LB Nagar,54,17.420218,78.540538,17.349724,78.547972,False,Ameerpet,29.27
Habsiguda,Lakdi Ka Pul,33,17.420218,78.540538,17.403687,78.464591,False,Ameerpet,16.96
Habsiguda,Madhapur,33,17.420218,78.540538,17.436879,78.400681,True,,18.39
Habsiguda,Madhura Nagar,22,17.420218,78.540538,17.437715,78.44055,True,,13.35
Habsiguda,Mahatma Gandhi Bus Station,41,17.420218,78.540538,17.379856,78.485961,False,JBS Parade Ground,21.01
Habsiguda,Malakpet,43,17.420218,78.540538,17.377292,78.493831,False,Ameerpet,21.92
Habsiguda,Mettuguda,4,17.420218,78.540538,17.435572,78.5196,True,,2.85
Habsiguda,Miyapur,43,17.420218,78.540538,17.4964542,78.3729359,False,Ameerpet,23.99
Habsiguda,Moosapet,33,17.420218,78.540538,17.472162,78.425925,False,Ameerpet,17.16
Habsiguda,Musarambagh,46,17.420218,78.540538,17.371136,78.511946,False,Ameerpet,24.02
Habsiguda,Musheerabad,20,17.420218,78.540538,17.418808,78.499823,False,JBS Parade Ground,9.73
Habsiguda,Ngri,2,17.420218,78.540538,17.414859,78.546309,True,,1.15
Habsiguda,Nagole,7,17.420218,78.540538,17.39051,78.558659,True,,4.44
Habsiguda,Nampally,36,17.420218,78.540538,17.392352,78.470132,False,Ameerpet,18.62
Habsiguda,Narayanguda,25,17.420218,78.540538,17.394383,78.489863,False,JBS Parade Ground,12.67
Habsiguda,New Market,45,17.420218,78.540538,17.373486,78.502903,False,Ameerpet,23.03
Habsiguda,Osmania Medical College,39,17.420218,78.540538,17.382358,78.481073,False,Ameerpet,20.39
Habsiguda,Paradise,11,17.420218,78.540538,17.443496,78.486186,True,,7.48
Habsiguda,Peddamma Gudi,31,17.420218,78.540538,17.4306,78.408448,True,,17.49
Habsiguda,Prakash Nagar,15,17.420218,78.540538,17.445126,78.465903,True,,9.66
Habsiguda,Punjagutta,27,17.420218,78.540538,17.428583,78.45115,False,Ameerpet,13.7
Habsiguda,RTC Cross Roads,21,17.420218,78.540538,17.407119,78.496553,False,JBS Parade Ground,10.93
Habsiguda,Raidurg,41,17.420218,78.540538,17.442274,78.377094,True,,22.56
Habsiguda,Rasoolpura,13,17.420218,78.540538,17.443606,78.476363,True,,8.52
Habsiguda,Road No. 5 Jubilee Hills,27,17.420218,78.540538,17.430088,78.422995,True,,15.3
Habsiguda,S R Nagar,27,17.420218,78.540538,17.441659,78.441634,False,Ameerpet,13.39
Habsiguda,Secunderabad East,7,17.420218,78.540538,17.435789,78.505431,True,,4.4
Habsiguda,Secunderabad West,16,17.420218,78.540538,17.433718,78.499194,False,JBS Parade Ground,7.6
Habsiguda,Stadium,4,17.420218,78.540538,17.408538,78.553504,True,,2.33
Habsiguda,Sultan Bazaar,27,17.420218,78.540538,17.384134,78.483697,False,JBS Parade Ground,13.99
Habsiguda,Tarnaka,2,17.420218,78.540538,17.428297,78.52856,True,,1.6
Habsiguda,Uppal,5,17.420218,78.540538,17.400078,78.560251,True,,3.41
Habsiguda,Victoria Memorial,52,17.420218,78.540538,17.361889,78.543962,False,Ameerpet,27.84
Habsiguda,Yousufguda,25,17.420218,78.540538,17.435081,78.427292,True,,14.45
Irrum Manzil,Ameerpet,3,17.42036,78.456186,17.435697,78.444603,True,,2.08
Irrum Manzil,Assembly,7,17.42036,78.456186,17.39813,78.470786,True,,3.23
Irrum Manzil,Dr. B. R. Ambedkar Balanagar,13,17.42036,78.456186,17.477586,78.42099,True,,7.72
Irrum Manzil,Begumpet,11,17.42036,78.456186,17.437583,78.456945,False,Ameerpet,3.65
Irrum Manzil,Bharat Nagar,10,17.42036,78.456186,17.464046,78.430048,True,,5.59
Irrum Manzil,Chaitanyapuri,22,17.42036,78.456186,17.368398,78.535855,True,,11.88
Irrum Manzil,Chikkadpally,24,17.42036,78.456186,17.400805,78.494876,False,Mahatma Gandhi Bus Station,9.26
Irrum Manzil,Dilsukhnagar,21,17.42036,78.456186,17.368594,78.525728,True,,10.8
Irrum Manzil,Durgam Cheruvu,24,17.42036,78.456186,17.442854,78.387646,False,Ameerpet,9.71
Irrum Manzil,ESI Hospital,7,17.42036,78.456186,17.447377,78.438352,True,,3.54
Irrum Manzil,Erragadda,8,17.42036,78.456186,17.457235,78.433531,True,,4.75
Irrum Manzil,Gandhi Bhavan,10,17.42036,78.456186,17.38609,78.473099,True,,4.67
Irrum Manzil,Gandhi Hospital,28,17.42036,78.456186,17.425639,78.501872,False,Mahatma Gandhi Bus Station,12.16
Irrum Manzil,HITEC City,25,17.42036,78.456186,17.449025,78.383239,False,Ameerpet,10.54
Irrum Manzil,Habsiguda,28,17.42036,78.456186,17.420218,78.540538,False,Ameerpet,14.73
Irrum Manzil,JBS Parade Ground,33,17.42036,78.456186,17.444472,78.497483,False,Ameerpet,14.72
Irrum Manzil,JNTU College,19,17.42036,78.456186,17.498679,78.389015,True,,11.67
Irrum Manzil,Jubilee Hills Check Post,17,17.42036,78.456186,17.42834,78.413688,False,Ameerpet,5.98
Irrum Manzil,KPHB Colony,17,17.42036,78.456186,17.493796,78.401668,True,,10.18
Irrum Manzil,Khairatabad,3,17.42036,78.456186,17.411614,78.460844,True,,1.13
Irrum Manzil,Kukatpally,15,17.42036,78.456186,17.485121,78.411553,True,,8.72
Irrum Manzil,LB Nagar,26,17.42036,78.456186,17.349724,78.547972,True,,14.54
Irrum Manzil,Lakdi Ka Pul,5,17.42036,78.456186,17.403687,78.464591,True,,2.23
Irrum Manzil,Madhapur,21,17.42036,78.456186,17.436879,78.400681,False,Ameerpet,7.82
Irrum Manzil,Madhura Nagar,10,17.42036,78.456186,17.437715,78.44055,False,Ameerpet,2.78
Irrum Manzil,Mahatma Gandhi Bus Station,13,17.42036,78.456186,17.379856,78.485961,True,,6.28
Irrum Manzil,Malakpet,15,17.42036,78.456186,17.377292,78.493831,True,,7.19
Irrum Manzil,Mettuguda,24,17.42036,78.456186,17.435572,78.5196,False,Ameerpet,11.88
Irrum Manzil,Miyapur,21,17.42036,78.456186,17.4964542,78.3729359,True,,13.42
Irrum Manzil,Moosapet,11,17.42036,78.456186,17.472162,78.425925,True,,6.59
Irrum Manzil,Musarambagh,18,17.42036,78.456186,17.371136,78.511946,True,,9.29
Irrum Manzil,Musheerabad,27,17.42036,78.456186,17.418808,78.499823,False,Mahatma Gandhi Bus Station,11.27
Irrum Manzil,Ngri,30,17.42036,78.456186,17.414859,78.546309,False,Ameerpet,15.88
Irrum Manzil,Nagole,35,17.42036,78.456186,17.39051,78.558659,False,Ameerpet,19.17
Irrum Manzil,Nampally,8,17.42036,78.456186,17.392352,78.470132,True,,3.89
Irrum Manzil,Narayanguda,22,17.42036,78.456186,17.394383,78.489863,False,Mahatma Gandhi Bus Station,8.33
Irrum Manzil,New Market,17,17.42036,78.456186,17.373486,78.502903,True,,8.3
Irrum Manzil,Osmania Medical College,11,17.42036,78.456186,17.382358,78.481073,True,,5.66
Irrum Manzil,Paradise,17,17.42036,78.456186,17.443496,78.486186,False,Ameerpet,7.25
Irrum Manzil,Peddamma Gudi,19,17.42036,78.456186,17.4306,78.408448,False,Ameerpet,6.92
Irrum Manzil,Prakash Nagar,13,17.42036,78.456186,17.445126,78.465903,False,Ameerpet,5.07
Irrum Manzil,Punjagutta,1,17.42036,78.456186,17.428583,78.45115,True,,1.03
Irrum Manzil,RTC Cross Roads,26,17.42036,78.456186,17.407119,78.496553,False,Mahatma Gandhi Bus Station,10.07
Irrum Manzil,Raidurg,29,17.42036,78.456186,17.442274,78.377094,False,Ameerpet,11.99
Irrum Manzil,Rasoolpura,15,17.42036,78.456186,17.443606,78.476363,False,Ameerpet,6.21
Irrum Manzil,Road No. 5 Jubilee Hills,15,17.42036,78.456186,17.430088,78.422995,False,Ameerpet,4.73
Irrum Manzil,S R Nagar,5,17.42036,78.456186,17.441659,78.441634,True,,2.82
Irrum Manzil,Secunderabad East,21,17.42036,78.456186,17.435789,78.505431,False,Ameerpet,10.33
Irrum Manzil,Secunderabad West,31,17.42036,78.456186,17.433718,78.499194,False,Mahatma Gandhi Bus Station,13.4
Irrum Manzil,Stadium,32,17.42036,78.456186,17.408538,78.553504,False,Ameerpet,17.06
Irrum Manzil,Sultan Bazaar,20,17.42036,78.456186,17.384134,78.483697,False,Mahatma Gandhi Bus Station,7.01
Irrum Manzil,Tarnaka,26,17.42036,78.456186,17.428297,78.52856,False,Ameerpet,13.13
Irrum Manzil,Uppal,33,17.42036,78.456186,17.400078,78.560251,False,Ameerpet,18.14
Irrum Manzil,Victoria Memorial,24,17.42036,78.456186,17.361889,78.543962,True,,13.11
Irrum Manzil,Yousufguda,13,17.42036,78.456186,17.435081,78.427292,False,Ameerpet,3.88
JBS Parade Ground,Ameerpet,36,17.444472,78.497483,17.435697,78.444603,False,,16.8
JBS Parade Ground,Assembly,26,17.444472,78.497483,17.39813,78.470786,False,Mahatma Gandhi Bus Station,11.49
JBS Parade Ground,Dr. B. R. Ambedkar Balanagar,46,17.444472,78.497483,17.477586,78.42099,False,Ameerpet,22.44
JBS Parade Ground,Begumpet,8,17.444472,78.497483,17.437583,78.456945,True,,4.8
JBS Parade Ground,Bharat Nagar,43,17.444472,78.497483,17.464046,78.430048,False,Ameerpet,20.31
JBS Parade Ground,Chaitanyapuri,29,17.444472,78.497483,17.368398,78.535855,False,Mahatma Gandhi Bus Station,14.04
JBS Parade Ground,Chikkadpally,9,17.444472,78.497483,17.400805,78.494876,True,,5.46
JBS Parade Ground,Dilsukhnagar,28,17.444472,78.497483,17.368594,78.525728,False,Mahatma Gandhi Bus Station,12.96
JBS Parade Ground,Durgam Cheruvu,27,17.444472,78.497483,17.442854,78.387646,True,,14.0
JBS Parade Ground,ESI Hospital,40,17.444472,78.497483,17.447377,78.438352,False,Ameerpet,18.26
JBS Parade Ground,Erragadda,41,17.444472,78.497483,17.457235,78.433531,False,Ameerpet,19.47
JBS Parade Ground,Gandhi Bhavan,23,17.444472,78.497483,17.38609,78.473099,False,Mahatma Gandhi Bus Station,10.05
JBS Parade Ground,Gandhi Hospital,5,17.444472,78.497483,17.425639,78.501872,True,,2.56
JBS Parade Ground,HITEC City,28,17.444472,78.497483,17.449025,78.383239,True,,14.83
JBS Parade Ground,Habsiguda,9,17.444472,78.497483,17.420218,78.540538,True,,6.28
JBS Parade Ground,Irrum Manzil,33,17.444472,78.497483,17.42036,78.456186,False,Ameerpet,14.72
JBS Parade Ground,JNTU College,52,17.444472,78.497483,17.498679,78.389015,False,Ameerpet,26.39
JBS Parade Ground,Jubilee Hills Check Post,20,17.444472,78.497483,17.42834,78.413688,True,,10.27
JBS Parade Ground,KPHB Colony,50,17.444472,78.497483,17.493796,78.401668,False,Ameerpet,24.9
JBS Parade Ground,Khairatabad,30,17.444472,78.497483,17.411614,78.460844,False,Ameerpet,13.59
JBS Parade Ground,Kukatpally,48,17.444472,78.497483,17.485121,78.411553,False,Ameerpet,23.44
JBS Parade Ground,LB Nagar,33,17.444472,78.497483,17.349724,78.547972,False,Mahatma Gandhi Bus Station,16.7
JBS Parade Ground,Lakdi Ka Pul,28,17.444472,78.497483,17.403687,78.464591,False,Ameerpet,12.49
JBS Parade Ground,Madhapur,24,17.444472,78.497483,17.436879,78.400681,True,,12.11
JBS Parade Ground,Madhura Nagar,13,17.444472,78.497483,17.437715,78.44055,True,,7.07
JBS Parade Ground,Mahatma Gandhi Bus Station,32,17.444472,78.497483,17.379856,78.485961,False,,14.73
JBS Parade Ground,Malakpet,22,17.444472,78.497483,17.377292,78.493831,False,Mahatma Gandhi Bus Station,9.35
JBS Parade Ground,Mettuguda,5,17.444472,78.497483,17.435572,78.5196,True,,3.43
JBS Parade Ground,Miyapur,54,17.444472,78.497483,17.4964542,78.3729359,False,Ameerpet,28.14
JBS Parade Ground,Moosapet,44,17.444472,78.497483,17.472162,78.425925,False,Ameerpet,21.31
JBS Parade Ground,Musarambagh,25,17.444472,78.497483,17.371136,78.511946,False,Mahatma Gandhi Bus Station,11.45
JBS Parade Ground,Musheerabad,6,17.444472,78.497483,17.418808,78.499823,True,,3.45
JBS Parade Ground,Ngri,11,17.444472,78.497483,17.414859,78.546309,True,,7.43
JBS Parade Ground,Nagole,16,17.444472,78.497483,17.39051,78.558659,True,,10.72
JBS Parade Ground,Nampally,25,17.444472,78.497483,17.392352,78.470132,False,Mahatma Gandhi Bus Station,10.83
JBS Parade Ground,Narayanguda,11,17.444472,78.497483,17.394383,78.489863,True,,6.39
JBS Parade Ground,New Market,24,17.444472,78.497483,17.373486,78.502903,False,Mahatma Gandhi Bus Station,10.46
JBS Parade Ground,Osmania Medical College,22,17.444472,78.497483,17.382358,78.481073,False,Mahatma Gandhi Bus Station,9.06
JBS Parade Ground,Paradise,2,17.444472,78.497483,17.443496,78.486186,True,,1.2
JBS Parade Ground,Peddamma Gudi,22,17.444472,78.497483,17.4306,78.408448,True,,11.21
JBS Parade Ground,Prakash Nagar,6,17.444472,78.497483,17.445126,78.465903,True,,3.38
JBS Parade Ground,Punjagutta,34,17.444472,78.497483,17.428583,78.45115,False,Ameerpet,15.75
JBS Parade Ground,RTC Cross Roads,7,17.444472,78.497483,17.407119,78.496553,True,,4.65
JBS Parade Ground,Raidurg,32,17.444472,78.497483,17.442274,78.377094,True,,16.28
JBS Parade Ground,Rasoolpura,4,17.444472,78.497483,17.443606,78.476363,True,,2.24
JBS Parade Ground,Road No. 5 Jubilee Hills,18,17.444472,78.497483,17.430088,78.422995,True,,9.02
JBS Parade Ground,S R Nagar,38,17.444472,78.497483,17.441659,78.441634,False,Ameerpet,17.54
JBS Parade Ground,Secunderabad East,2,17.444472,78.497483,17.435789,78.505431,True,,1.88
JBS Parade Ground,Secunderabad West,2,17.444472,78.497483,17.433718,78.499194,True,,1.32
JBS Parade Ground,Stadium,13,17.444472,78.497483,17.408538,78.553504,True,,8.61
JBS Parade Ground,Sultan Bazaar,13,17.444472,78.497483,17.384134,78.483697,True,,7.71
JBS Parade Ground,Tarnaka,7,17.444472,78.497483,17.428297,78.52856,True,,4.68
JBS Parade Ground,Uppal,14,17.444472,78.497483,17.400078,78.560251,True,,9.69
JBS Parade Ground,Victoria Memorial,31,17.444472,78.497483,17.361889,78.543962,False,Mahatma Gandhi Bus Station,15.27
JBS Parade Ground,Yousufguda,16,17.444472,78.497483,17.435081,78.427292,True,,8.17
JNTU College,Ameerpet,16,17.498679,78.389015,17.435697,78.444603,True,,9.59
JNTU College,Assembly,26,17.498679,78.389015,17.39813,78.470786,True,,14.9
JNTU College,Dr. B. R. Ambedkar Balanagar,6,17.498679,78.389015,17.477586,78.42099,True,,3.95
JNTU College,Begumpet,24,17.498679,78.389015,17.437583,78.456945,False,Ameerpet,11.16
JNTU College,Bharat Nagar,9,17.498679,78.389015,17.464046,78.430048,True,,6.08
JNTU College,Chaitanyapuri,41,17.498679,78.389015,17.368398,78.535855,True,,23.55
JNTU College,Chikkadpally,43,17.498679,78.389015,17.400805,78.494876,False,Mahatma Gandhi Bus Station,20.93
JNTU College,Dilsukhnagar,40,17.498679,78.389015,17.368594,78.525728,True,,22.47
JNTU College,Durgam Cheruvu,37,17.498679,78.389015,17.442854,78.387646,False,Ameerpet,17.22
JNTU College,ESI Hospital,12,17.498679,78.389015,17.447377,78.438352,True,,8.13
JNTU College,Erragadda,11,17.498679,78.389015,17.457235,78.433531,True,,6.92
JNTU College,Gandhi Bhavan,29,17.498679,78.389015,17.38609,78.473099,True,,16.34
JNTU College,Gandhi Hospital,47,17.498679,78.389015,17.425639,78.501872,False,Mahatma Gandhi Bus Station,23.83
JNTU College,HITEC City,38,17.498679,78.389015,17.449025,78.383239,False,Ameerpet,18.05
JNTU College,Habsiguda,41,17.498679,78.389015,17.420218,78.540538,False,Ameerpet,22.24
JNTU College,Irrum Manzil,19,17.498679,78.389015,17.42036,78.456186,True,,11.67
JNTU College,JBS Parade Ground,52,17.498679,78.389015,17.444472,78.497483,False,Ameerpet,26.39
JNTU College,Jubilee Hills Check Post,30,17.498679,78.389015,17.42834,78.413688,False,Ameerpet,13.49
JNTU College,KPHB Colony,2,17.498679,78.389015,17.493796,78.401668,True,,1.49
JNTU College,Khairatabad,22,17.498679,78.389015,17.411614,78.460844,True,,12.8
JNTU College,Kukatpally,4,17.498679,78.389015,17.485121,78.411553,True,,2.95
JNTU College,LB Nagar,45,17.498679,78.389015,17.349724,78.547972,True,,26.21
JNTU College,Lakdi Ka Pul,24,17.498679,78.389015,17.403687,78.464591,True,,13.9
JNTU College,Madhapur,34,17.498679,78.389015,17.436879,78.400681,False,Ameerpet,15.33
JNTU College,Madhura Nagar,23,17.498679,78.389015,17.437715,78.44055,False,Ameerpet,10.29
JNTU College,Mahatma Gandhi Bus Station,32,17.498679,78.389015,17.379856,78.485961,True,,17.95
JNTU College,Malakpet,34,17.498679,78.389015,17.377292,78.493831,True,,18.86
JNTU College,Mettuguda,37,17.498679,78.389015,17.435572,78.5196,False,Ameerpet,19.39
JNTU College,Miyapur,2,17.498679,78.389015,17.4964542,78.3729359,True,,1.75
JNTU College,Moosapet,8,17.498679,78.389015,17.472162,78.425925,True,,5.08
JNTU College,Musarambagh,37,17.498679,78.389015,17.371136,78.511946,True,,20.96
JNTU College,Musheerabad,46,17.498679,78.389015,17.418808,78.499823,False,Mahatma Gandhi Bus Station,22.94
JNTU College,Ngri,43,17.498679,78.389015,17.414859,78.546309,False,Ameerpet,23.39
JNTU College,Nagole,48,17.498679,78.389015,17.39051,78.558659,False,Ameerpet,26.68
JNTU College,Nampally,27,17.498679,78.389015,17.392352,78.470132,True,,15.56
JNTU College,Narayanguda,41,17.498679,78.389015,17.394383,78.489863,False,Mahatma Gandhi Bus Station,20.0
JNTU College,New Market,36,17.498679,78.389015,17.373486,78.502903,True,,19.97
JNTU College,Osmania Medical College,30,17.498679,78.389015,17.382358,78.481073,True,,17.33
JNTU College,Paradise,30,17.498679,78.389015,17.443496,78.486186,False,Ameerpet,14.76
JNTU College,Peddamma Gudi,32,17.498679,78.389015,17.4306,78.408448,False,Ameerpet,14.43
JNTU College,Prakash Nagar,26,17.498679,78.389015,17.445126,78.465903,False,Ameerpet,12.58
JNTU College,Punjagutta,18,17.498679,78.389015,17.428583,78.45115,True,,10.64
JNTU College,RTC Cross Roads,45,17.498679,78.389015,17.407119,78.496553,False,Mahatma Gandhi Bus Station,21.74
JNTU College,Raidurg,42,17.498679,78.389015,17.442274,78.377094,False,Ameerpet,19.5
JNTU College,Rasoolpura,28,17.498679,78.389015,17.443606,78.476363,False,Ameerpet,13.72
JNTU College,Road No. 5 Jubilee Hills,28,17.498679,78.389015,17.430088,78.422995,False,Ameerpet,12.24
JNTU College,S R Nagar,14,17.498679,78.389015,17.441659,78.441634,True,,8.85
JNTU College,Secunderabad East,34,17.498679,78.389015,17.435789,78.505431,False,Ameerpet,17.84
JNTU College,Secunderabad West,50,17.498679,78.389015,17.433718,78.499194,False,Mahatma Gandhi Bus Station,25.07
JNTU College,Stadium,45,17.498679,78.389015,17.408538,78.553504,False,Ameerpet,24.57
JNTU College,Sultan Bazaar,39,17.498679,78.389015,17.384134,78.483697,False,Mahatma Gandhi Bus Station,18.68
JNTU College,Tarnaka,39,17.498679,78.389015,17.428297,78.52856,False,Ameerpet,20.64
JNTU College,Uppal,46,17.498679,78.389015,17.400078,78.560251,False,Ameerpet,25.65
JNTU College,Victoria Memorial,43,17.498679,78.389015,17.361889,78.543962,True,,24.78
JNTU College,Yousufguda,26,17.498679,78.389015,17.435081,78.427292,False,Ameerpet,11.39
Jubilee Hills Check Post,Ameerpet,9,17.42834,78.413688,17.435697,78.444603,True,,3.9
Jubilee Hills Check Post,Assembly,24,17.42834,78.413688,17.39813,78.470786,False,Ameerpet,9.21
Jubilee Hills Check Post,Dr. B. R. Ambedkar Balanagar,24,17.42834,78.413688,17.477586,78.42099,False,Ameerpet,9.54
Jubilee Hills Check Post,Begumpet,12,17.42834,78.413688,17.437583,78.456945,True,,5.47
Jubilee Hills Check Post,Bharat Nagar,21,17.42834,78.413688,17.464046,78.430048,False,Ameerpet,7.41
Jubilee Hills Check Post,Chaitanyapuri,39,17.42834,78.413688,17.368398,78.535855,False,Ameerpet,17.86
Jubilee Hills Check Post,Chikkadpally,34,17.42834,78.413688,17.400805,78.494876,False,JBS Parade Ground,15.73
Jubilee Hills Check Post,Dilsukhnagar,38,17.42834,78.413688,17.368594,78.525728,False,Ameerpet,16.78
Jubilee Hills Check Post,Durgam Cheruvu,7,17.42834,78.413688,17.442854,78.387646,True,,3.73
Jubilee Hills Check Post,ESI Hospital,18,17.42834,78.413688,17.447377,78.438352,False,Ameerpet,5.36
Jubilee Hills Check Post,Erragadda,19,17.42834,78.413688,17.457235,78.433531,False,Ameerpet,6.57
Jubilee Hills Check Post,Gandhi Bhavan,27,17.42834,78.413688,17.38609,78.473099,False,Ameerpet,10.65
Jubilee Hills Check Post,Gandhi Hospital,30,17.42834,78.413688,17.425639,78.501872,False,JBS Parade Ground,12.83
Jubilee Hills Check Post,HITEC City,8,17.42834,78.413688,17.449025,78.383239,True,,4.56
Jubilee Hills Check Post,Habsiguda,29,17.42834,78.413688,17.420218,78.540538,True,,16.55
Jubilee Hills Check Post,Irrum Manzil,17,17.42834,78.413688,17.42036,78.456186,False,Ameerpet,5.98
Jubilee Hills Check Post,JBS Parade Ground,20,17.42834,78.413688,17.444472,78.497483,True,,10.27
Jubilee Hills Check Post,JNTU College,30,17.42834,78.413688,17.498679,78.389015,False,Ameerpet,13.49
Jubilee Hills Check Post,KPHB Colony,28,17.42834,78.413688,17.493796,78.401668,False,Ameerpet,12.0
Jubilee Hills Check Post,Khairatabad,20,17.42834,78.413688,17.411614,78.460844,False,Ameerpet,7.11
Jubilee Hills Check Post,Kukatpally,26,17.42834,78.413688,17.485121,78.411553,False,Ameerpet,10.54
Jubilee Hills Check Post,LB Nagar,43,17.42834,78.413688,17.349724,78.547972,False,Ameerpet,20.52
Jubilee Hills Check Post,Lakdi Ka Pul,22,17.42834,78.413688,17.403687,78.464591,False,Ameerpet,8.21
Jubilee Hills Check Post,Madhapur,4,17.42834,78.413688,17.436879,78.400681,True,,1.84
Jubilee Hills Check Post,Madhura Nagar,7,17.42834,78.413688,17.437715,78.44055,True,,3.2
Jubilee Hills Check Post,Mahatma Gandhi Bus Station,30,17.42834,78.413688,17.379856,78.485961,False,Ameerpet,12.26
Jubilee Hills Check Post,Malakpet,32,17.42834,78.413688,17.377292,78.493831,False,Ameerpet,13.17
Jubilee Hills Check Post,Mettuguda,25,17.42834,78.413688,17.435572,78.5196,True,,13.7
Jubilee Hills Check Post,Miyapur,32,17.42834,78.413688,17.4964542,78.3729359,False,Ameerpet,15.24
Jubilee Hills Check Post,Moosapet,22,17.42834,78.413688,17.472162,78.425925,False,Ameerpet,8.41
Jubilee Hills Check Post,Musarambagh,35,17.42834,78.413688,17.371136,78.511946,False,Ameerpet,15.27
Jubilee Hills Check Post,Musheerabad,31,17.42834,78.413688,17.418808,78.499823,False,JBS Parade Ground,13.72
Jubilee Hills Check Post,Ngri,31,17.42834,78.413688,17.414859,78.546309,True,,17.7
Jubilee Hills Check Post,Nagole,36,17.42834,78.413688,17.39051,78.558659,True,,20.99
Jubilee Hills Check Post,Nampally,25,17.42834,78.413688,17.392352,78.470132,False,Ameerpet,9.87
Jubilee Hills Check Post,Narayanguda,36,17.42834,78.413688,17.394383,78.489863,False,JBS Parade Ground,16.66
Jubilee Hills Check Post,New Market,34,17.42834,78.413688,17.373486,78.502903,False,Ameerpet,14.28
Jubilee Hills Check Post,Osmania Medical College,28,17.42834,78.413688,17.382358,78.481073,False,Ameerpet,11.64
Jubilee Hills Check Post,Paradise,18,17.42834,78.413688,17.443496,78.486186,True,,9.07
Jubilee Hills Check Post,Peddamma Gudi,2,17.42834,78.413688,17.4306,78.408448,True,,0.94
Jubilee Hills Check Post,Prakash Nagar,14,17.42834,78.413688,17.445126,78.465903,True,,6.89
Jubilee Hills Check Post,Punjagutta,16,17.42834,78.413688,17.428583,78.45115,False,Ameerpet,4.95
Jubilee Hills Check Post,RTC Cross Roads,32,17.42834,78.413688,17.407119,78.496553,False,JBS Parade Ground,14.92
Jubilee Hills Check Post,Raidurg,12,17.42834,78.413688,17.442274,78.377094,True,,6.01
Jubilee Hills Check Post,Rasoolpura,16,17.42834,78.413688,17.443606,78.476363,True,,8.03
Jubilee Hills Check Post,Road No. 5 Jubilee Hills,2,17.42834,78.413688,17.430088,78.422995,True,,1.25
Jubilee Hills Check Post,S R Nagar,16,17.42834,78.413688,17.441659,78.441634,False,Ameerpet,4.64
Jubilee Hills Check Post,Secunderabad East,22,17.42834,78.413688,17.435789,78.505431,True,,12.15
Jubilee Hills Check Post,Secunderabad West,27,17.42834,78.413688,17.433718,78.499194,False,JBS Parade Ground,11.59
Jubilee Hills Check Post,Stadium,33,17.42834,78.413688,17.408538,78.553504,True,,18.88
Jubilee Hills Check Post,Sultan Bazaar,38,17.42834,78.413688,17.384134,78.483697,False,JBS Parade Ground,17.98
Jubilee Hills Check Post,Tarnaka,27,17.42834,78.413688,17.428297,78.52856,True,,14.95
Jubilee Hills Check Post,Uppal,34,17.42834,78.413688,17.400078,78.560251,True,,19.96
Jubilee Hills Check Post,Victoria Memorial,41,17.42834,78.413688,17.361889,78.543962,False,Ameerpet,19.09
Jubilee Hills Check Post,Yousufguda,4,17.42834,78.413688,17.435081,78.427292,True,,2.1
KPHB Colony,Ameerpet,14,17.493796,78.401668,17.435697,78.444603,True,,8.1
KPHB Colony,Assembly,24,17.493796,78.401668,17.39813,78.470786,True,,13.41
KPHB Colony,Dr. B. R. Ambedkar Balanagar,4,17.493796,78.401668,17.477586,78.42099,True,,2.46
KPHB Colony,Begumpet,22,17.493796,78.401668,17.437583,78.456945,False,Ameerpet,9.67
KPHB Colony,Bharat Nagar,7,17.493796,78.401668,17.464046,78.430048,True,,4.59
KPHB Colony,Chaitanyapuri,39,17.493796,78.401668,17.368398,78.535855,True,,22.06
KPHB Colony,Chikkadpally,41,17.493796,78.401668,17.400805,78.494876,False,Mahatma Gandhi Bus Station,19.44
KPHB Colony,Dilsukhnagar,38,17.493796,78.401668,17.368594,78.525728,True,,20.98
KPHB Colony,Durgam Cheruvu,35,17.493796,78.401668,17.442854,78.387646,False,Ameerpet,15.73
KPHB Colony,ESI Hospital,10,17.493796,78.401668,17.447377,78.438352,True,,6.64
KPHB Colony,Erragadda,9,17.493796,78.401668,17.457235,78.433531,True,,5.43
KPHB Colony,Gandhi Bhavan,27,17.493796,78.401668,17.38609,78.473099,True,,14.85
KPHB Colony,Gandhi Hospital,45,17.493796,78.401668,17.425639,78.501872,False,Mahatma Gandhi Bus Station,22.34
KPHB Colony,HITEC City,36,17.493796,78.401668,17.449025,78.383239,False,Ameerpet,16.56
KPHB Colony,Habsiguda,39,17.493796,78.401668,17.420218,78.540538,False,Ameerpet,20.75
KPHB Colony,Irrum Manzil,17,17.493796,78.401668,17.42036,78.456186,True,,10.18
KPHB Colony,JBS Parade Ground,50,17.493796,78.401668,17.444472,78.497483,False,Ameerpet,24.9
KPHB Colony,JNTU College,2,17.493796,78.401668,17.498679,78.389015,True,,1.49
KPHB Colony,Jubilee Hills Check Post,28,17.493796,78.401668,17.42834,78.413688,False,Ameerpet,12.0
KPHB Colony,Khairatabad,20,17.493796,78.401668,17.411614,78.460844,True,,11.31
KPHB Colony,Kukatpally,2,17.493796,78.401668,17.485121,78.411553,True,,1.46
KPHB Colony,LB Nagar,43,17.493796,78.401668,17.349724,78.547972,True,,24.72
KPHB Colony,Lakdi Ka Pul,22,17.493796,78.401668,17.403687,78.464591,True,,12.41
KPHB Colony,Madhapur,32,17.493796,78.401668,17.436879,78.400681,False,Ameerpet,13.84
KPHB Colony,Madhura Nagar,21,17.493796,78.401668,17.437715,78.44055,False,Ameerpet,8.8
KPHB Colony,Mahatma Gandhi Bus Station,30,17.493796,78.401668,17.379856,78.485961,True,,16.46
KPHB Colony,Malakpet,32,17.493796,78.401668,17.377292,78.493831,True,,17.37
KPHB Colony,Mettuguda,35,17.493796,78.401668,17.435572,78.5196,False,Ameerpet,17.9
KPHB Colony,Miyapur,4,17.493796,78.401668,17.4964542,78.3729359,True,,3.24
KPHB Colony,Moosapet,6,17.493796,78.401668,17.472162,78.425925,True,,3.59
KPHB Colony,Musarambagh,35,17.493796,78.401668,17.371136,78.511946,True,,19.47
KPHB Colony,Musheerabad,44,17.493796,78.401668,17.418808,78.499823,False,Mahatma Gandhi Bus Station,21.45
KPHB Colony,Ngri,41,17.493796,78.401668,17.414859,78.546309,False,Ameerpet,21.9
KPHB Colony,Nagole,46,17.493796,78.401668,17.39051,78.558659,False,Ameerpet,25.19
KPHB Colony,Nampally,25,17.493796,78.401668,17.392352,78.470132,True,,14.07
KPHB Colony,Narayanguda,39,17.493796,78.401668,17.394383,78.489863,False,Mahatma Gandhi Bus Station,18.51
KPHB Colony,New Market,34,17.493796,78.401668,17.373486,78.502903,True,,18.48
KPHB Colony,Osmania Medical College,28,17.493796,78.401668,17.382358,78.481073,True,,15.84
KPHB Colony,Paradise,28,17.493796,78.401668,17.443496,78.486186,False,Ameerpet,13.27
KPHB Colony,Peddamma Gudi,30,17.493796,78.401668,17.4306,78.408448,False,Ameerpet,12.94
KPHB Colony,Prakash Nagar,24,17.493796,78.401668,17.445126,78.465903,False,Ameerpet,11.09
KPHB Colony,Punjagutta,16,17.493796,78.401668,17.428583,78.45115,True,,9.15
KPHB Colony,RTC Cross Roads,43,17.493796,78.401668,17.407119,78.496553,False,Mahatma Gandhi Bus Station,20.25
KPHB Colony,Raidurg,40,17.493796,78.401668,17.442274,78.377094,False,Ameerpet,18.01
KPHB Colony,Rasoolpura,26,17.493796,78.401668,17.443606,78.476363,False,Ameerpet,12.23
KPHB Colony,Road No. 5 Jubilee Hills,26,17.493796,78.401668,17.430088,78.422995,False,Ameerpet,10.75
KPHB Colony,S R Nagar,12,17.493796,78.401668,17.441659,78.441634,True,,7.36
KPHB Colony,Secunderabad East,32,17.493796,78.401668,17.435789,78.505431,False,Ameerpet,16.35
KPHB Colony,Secunderabad West,48,17.493796,78.401668,17.433718,78.499194,False,Mahatma Gandhi Bus Station,23.58
KPHB Colony,Stadium,43,17.493796,78.401668,17.408538,78.553504,False,Ameerpet,23.08
KPHB Colony,Sultan Bazaar,37,17.493796,78.401668,17.384134,78.483697,False,Mahatma Gandhi Bus Station,17.19
KPHB Colony,Tarnaka,37,17.493796,78.401668,17.428297,78.52856,False,Ameerpet,19.15
KPHB Colony,Uppal,44,17.493796,78.401668,17.400078,78.560251,False,Ameerpet,24.16
KPHB Colony,Victoria Memorial,41,17.493796,78.401668,17.361889,78.543962,True,,23.29
KPHB Colony,Yousufguda,24,17.493796,78.401668,17.435081,78.427292,False,Ameerpet,9.9
Khairatabad,Ameerpet,6,17.411614,78.460844,17.435697,78.444603,True,,3.21
Khairatabad,Assembly,4,17.411614,78.460844,17.39813,78.470786,True,,2.1
Khairatabad,Dr. B. R. Ambedkar Balanagar,16,17.411614,78.460844,17.477586,78.42099,True,,8.85
Khairatabad,Begumpet,14,17.411614,78.460844,17.437583,78.456945,False,Ameerpet,4.78
Khairatabad,Bharat Nagar,13,17.411614,78.460844,17.464046,78.430048,True,,6.72
Khairatabad,Chaitanyapuri,19,17.411614,78.460844,17.368398,78.535855,True,,10.75
Khairatabad,Chikkadpally,21,17.411614,78.460844,17.400805,78.494876,False,Mahatma Gandhi Bus Station,8.13
Khairatabad,Dilsukhnagar,18,17.411614,78.460844,17.368594,78.525728,True,,9.67
Khairatabad,Durgam Cheruvu,27,17.411614,78.460844,17.442854,78.387646,False,Ameerpet,10.84
Khairatabad,ESI Hospital,10,17.411614,78.460844,17.447377,78.438352,True,,4.67
Khairatabad,Erragadda,11,17.411614,78.460844,17.457235,78.433531,True,,5.88
Khairatabad,Gandhi Bhavan,7,17.411614,78.460844,17.38609,78.473099,True,,3.54
Khairatabad,Gandhi Hospital,25,17.411614,78.460844,17.425639,78.501872,False,Mahatma Gandhi Bus Station,11.03
Khairatabad,HITEC City,28,17.411614,78.460844,17.449025,78.383239,False,Ameerpet,11.67
Khairatabad,Habsiguda,31,17.411614,78.460844,17.420218,78.540538,False,Ameerpet,15.86
Khairatabad,Irrum Manzil,3,17.411614,78.460844,17.42036,78.456186,True,,1.13
Khairatabad,JBS Parade Ground,30,17.411614,78.460844,17.444472,78.497483,False,Ameerpet,13.59
Khairatabad,JNTU College,22,17.411614,78.460844,17.498679,78.389015,True,,12.8
Khairatabad,Jubilee Hills Check Post,20,17.411614,78.460844,17.42834,78.413688,False,Ameerpet,7.11
Khairatabad,KPHB Colony,20,17.411614,78.460844,17.493796,78.401668,True,,11.31
Khairatabad,Kukatpally,18,17.411614,78.460844,17.485121,78.411553,True,,9.85
Khairatabad,LB Nagar,23,17.411614,78.460844,17.349724,78.547972,True,,13.41
Khairatabad,Lakdi Ka Pul,2,17.411614,78.460844,17.403687,78.464591,True,,1.1
Khairatabad,Madhapur,24,17.411614,78.460844,17.436879,78.400681,False,Ameerpet,8.95
Khairatabad,Madhura Nagar,13,17.411614,78.460844,17.437715,78.44055,False,Ameerpet,3.91
Khairatabad,Mahatma Gandhi Bus Station,10,17.411614,78.460844,17.379856,78.485961,True,,5.15
Khairatabad,Malakpet,12,17.411614,78.460844,17.377292,78.493831,True,,6.06
Khairatabad,Mettuguda,27,17.411614,78.460844,17.435572,78.5196,False,Ameerpet,13.01
Khairatabad,Miyapur,24,17.411614,78.460844,17.4964542,78.3729359,True,,14.55
Khairatabad,Moosapet,14,17.411614,78.460844,17.472162,78.425925,True,,7.72
Khairatabad,Musarambagh,15,17.411614,78.460844,17.371136,78.511946,True,,8.16
Khairatabad,Musheerabad,24,17.411614,78.460844,17.418808,78.499823,False,Mahatma Gandhi Bus Station,10.14
Khairatabad,Ngri,33,17.411614,78.460844,17.414859,78.546309,False,Ameerpet,17.01
Khairatabad,Nagole,38,17.411614,78.460844,17.39051,78.558659,False,Ameerpet,20.3
Khairatabad,Nampally,5,17.411614,78.460844,17.392352,78.470132,True,,2.76
Khairatabad,Narayanguda,19,17.411614,78.460844,17.394383,78.489863,False,Mahatma Gandhi Bus Station,7.2
Khairatabad,New Market,14,17.411614,78.460844,17.373486,78.502903,True,,7.17
Khairatabad,Osmania Medical College,8,17.411614,78.460844,17.382358,78.481073,True,,4.53
Khairatabad,Paradise,20,17.411614,78.460844,17.443496,78.486186,False,Ameerpet,8.38
Khairatabad,Peddamma Gudi,22,17.411614,78.460844,17.4306,78.408448,False,Ameerpet,8.05
Khairatabad,Prakash Nagar,16,17.411614,78.460844,17.445126,78.465903,False,Ameerpet,6.2
Khairatabad,Punjagutta,4,17.411614,78.460844,17.428583,78.45115,True,,2.16
Khairatabad,RTC Cross Roads,23,17.411614,78.460844,17.407119,78.496553,False,Mahatma Gandhi Bus Station,8.94
Khairatabad,Raidurg,32,17.411614,78.460844,17.442274,78.377094,False,Ameerpet,13.12
Khairatabad,Rasoolpura,18,17.411614,78.460844,17.443606,78.476363,False,Ameerpet,7.34
Khairatabad,Road No. 5 Jubilee Hills,18,17.411614,78.460844,17.430088,78.422995,False,Ameerpet,5.86
Khairatabad,S R Nagar,8,17.411614,78.460844,17.441659,78.441634,True,,3.95
Khairatabad,Secunderabad East,24,17.411614,78.460844,17.435789,78.505431,False,Ameerpet,11.46
Khairatabad,Secunderabad West,28,17.411614,78.460844,17.433718,78.499194,False,Mahatma Gandhi Bus Station,12.27
Khairatabad,Stadium,35,17.411614,78.460844,17.408538,78.553504,False,Ameerpet,18.19
Khairatabad,Sultan Bazaar,17,17.411614,78.460844,17.384134,78.483697,False,Mahatma Gandhi Bus Station,5.88
Khairatabad,Tarnaka,29,17.411614,78.460844,17.428297,78.52856,False,Ameerpet,14.26
Khairatabad,Uppal,36,17.411614,78.460844,17.400078,78.560251,False,Ameerpet,19.27
Khairatabad,Victoria Memorial,21,17.411614,78.460844,17.361889,78.543962,True,,11.98
Khairatabad,Yousufguda,16,17.411614,78.460844,17.435081,78.427292,False,Ameerpet,5.01
Kukatpally,Ameerpet,12,17.485121,78.411553,17.435697,78.444603,True,,6.64
Kukatpally,Assembly,22,17.485121,78.411553,17.39813,78.470786,True,,11.95
Kukatpally,Dr. B. R. Ambedkar Balanagar,2,17.485121,78.411553,17.477586,78.42099,True,,1.0
Kukatpally,Begumpet,20,17.485121,78.411553,17.437583,78.456945,False,Ameerpet,8.21
Kukatpally,Bharat Nagar,5,17.485121,78.411553,17.464046,78.430048,True,,3.13
Kukatpally,Chaitanyapuri,37,17.485121,78.411553,17.368398,78.535855,True,,20.6
Kukatpally,Chikkadpally,39,17.485121,78.411553,17.400805,78.494876,False,Mahatma Gandhi Bus Station,17.98
Kukatpally,Dilsukhnagar,36,17.485121,78.411553,17.368594,78.525728,True,,19.52
Kukatpally,Durgam Cheruvu,33,17.485121,78.411553,17.442854,78.387646,False,Ameerpet,14.27
Kukatpally,ESI Hospital,8,17.485121,78.411553,17.447377,78.438352,True,,5.18
Kukatpally,Erragadda,7,17.485121,78.411553,17.457235,78.433531,True,,3.97
Kukatpally,Gandhi Bhavan,25,17.485121,78.411553,17.38609,78.473099,True,,13.39
Kukatpally,Gandhi Hospital,43,17.485121,78.411553,17.425639,78.501872,False,Mahatma Gandhi Bus Station,20.88
Kukatpally,HITEC City,34,17.485121,78.411553,17.449025,78.383239,False,Ameerpet,15.1
Kukatpally,Habsiguda,37,17.485121,78.411553,17.420218,78.540538,False,Ameerpet,19.29
Kukatpally,Irrum Manzil,15,17.485121,78.411553,17.42036,78.456186,True,,8.72
Kukatpally,JBS Parade Ground,48,17.485121,78.411553,17.444472,78.497483,False,Ameerpet,23.44
Kukatpally,JNTU College,4,17.485121,78.411553,17.498679,78.389015,True,,2.95
Kukatpally,Jubilee Hills Check Post,26,17.485121,78.411553,17.42834,78.413688,False,Ameerpet,10.54
Kukatpally,KPHB Colony,2,17.485121,78.411553,17.493796,78.401668,True,,1.46
Kukatpally,Khairatabad,18,17.485121,78.411553,17.411614,78.460844,True,,9.85
Kukatpally,LB Nagar,41,17.485121,78.411553,17.349724,78.547972,True,,23.26
Kukatpally,Lakdi Ka Pul,20,17.485121,78.411553,17.403687,78.464591,True,,10.95
Kukatpally,Madhapur,30,17.485121,78.411553,17.436879,78.400681,False,Ameerpet,12.38
Kukatpally,Madhura Nagar,19,17.485121,78.411553,17.437715,78.44055,False,Ameerpet,7.34
Kukatpally,Mahatma Gandhi Bus Station,28,17.485121,78.411553,17.379856,78.485961,True,,15.0
Kukatpally,Malakpet,30,17.485121,78.411553,17.377292,78.493831,True,,15.91
Kukatpally,Mettuguda,33,17.485121,78.411553,17.435572,78.5196,False,Ameerpet,16.44
Kukatpally,Miyapur,6,17.485121,78.411553,17.4964542,78.3729359,True,,4.7
Kukatpally,Moosapet,4,17.485121,78.411553,17.472162,78.425925,True,,2.13
Kukatpally,Musarambagh,33,17.485121,78.411553,17.371136,78.511946,True,,18.01
Kukatpally,Musheerabad,42,17.485121,78.411553,17.418808,78.499823,False,Mahatma Gandhi Bus Station,19.99
Kukatpally,Ngri,39,17.485121,78.411553,17.414859,78.546309,False,Ameerpet,20.44
Kukatpally,Nagole,44,17.485121,78.411553,17.39051,78.558659,False,Ameerpet,23.73
Kukatpally,Nampally,23,17.485121,78.411553,17.392352,78.470132,True,,12.61
Kukatpally,Narayanguda,37,17.485121,78.411553,17.394383,78.489863,False,Mahatma Gandhi Bus Station,17.05
Kukatpally,New Market,32,17.485121,78.411553,17.373486,78.502903,True,,17.02
Kukatpally,Osmania Medical College,26,17.485121,78.411553,17.382358,78.481073,True,,14.38
Kukatpally,Paradise,26,17.485121,78.411553,17.443496,78.486186,False,Ameerpet,11.81
Kukatpally,Peddamma Gudi,28,17.485121,78.411553,17.4306,78.408448,False,Ameerpet,11.48
Kukatpally,Prakash Nagar,22,17.485121,78.411553,17.445126,78.465903,False,Ameerpet,9.63
Kukatpally,Punjagutta,14,17.485121,78.411553,17.428583,78.45115,True,,7.69
Kukatpally,RTC Cross Roads,41,17.485121,78.411553,17.407119,78.496553,False,Mahatma Gandhi Bus Station,18.79
Kukatpally,Raidurg,38,17.485121,78.411553,17.442274,78.377094,False,Ameerpet,16.55
Kukatpally,Rasoolpura,24,17.485121,78.411553,17.443606,78.476363,False,Ameerpet,10.77
Kukatpally,Road No. 5 Jubilee Hills,24,17.485121,78.411553,17.430088,78.422995,False,Ameerpet,9.29
Kukatpally,S R Nagar,10,17.485121,78.411553,17.441659,78.441634,True,,5.9
Kukatpally,Secunderabad East,30,17.485121,78.411553,17.435789,78.505431,False,Ameerpet,14.89
Kukatpally,Secunderabad West,46,17.485121,78.411553,17.433718,78.499194,False,Mahatma Gandhi Bus Station,22.12
Kukatpally,Stadium,41,17.485121,78.411553,17.408538,78.553504,False,Ameerpet,21.62
Kukatpally,Sultan Bazaar,35,17.485121,78.411553,17.384134,78.483697,False,Mahatma Gandhi Bus Station,15.73
Kukatpally,Tarnaka,35,17.485121,78.411553,17.428297,78.52856,False,Ameerpet,17.69
Kukatpally,Uppal,42,17.485121,78.411553,17.400078,78.560251,False,Ameerpet,22.7
Kukatpally,Victoria Memorial,39,17.485121,78.411553,17.361889,78.543962,True,,21.83
Kukatpally,Yousufguda,22,17.485121,78.411553,17.435081,78.427292,False,Ameerpet,8.44
LB Nagar,Ameerpet,29,17.349724,78.547972,17.435697,78.444603,True,,16.62
LB Nagar,Assembly,19,17.349724,78.547972,17.39813,78.470786,True,,11.31
LB Nagar,Dr. B. R. Ambedkar Balanagar,39,17.349724,78.547972,17.477586,78.42099,True,,22.26
LB Nagar,Begumpet,37,17.349724,78.547972,17.437583,78.456945,False,Ameerpet,18.19
LB Nagar,Bharat Nagar,36,17.349724,78.547972,17.464046,78.430048,True,,20.13
LB Nagar,Chaitanyapuri,4,17.349724,78.547972,17.368398,78.535855,True,,2.66
LB Nagar,Chikkadpally,24,17.349724,78.547972,17.400805,78.494876,False,Mahatma Gandhi Bus Station,11.24
LB Nagar,Dilsukhnagar,5,17.349724,78.547972,17.368594,78.525728,True,,3.74
LB Nagar,Durgam Cheruvu,50,17.349724,78.547972,17.442854,78.387646,False,Ameerpet,24.25
LB Nagar,ESI Hospital,33,17.349724,78.547972,17.447377,78.438352,True,,18.08
LB Nagar,Erragadda,34,17.349724,78.547972,17.457235,78.433531,True,,19.29
LB Nagar,Gandhi Bhavan,16,17.349724,78.547972,17.38609,78.473099,True,,9.87
LB Nagar,Gandhi Hospital,28,17.349724,78.547972,17.425639,78.501872,False,Mahatma Gandhi Bus Station,14.14
LB Nagar,HITEC City,51,17.349724,78.547972,17.449025,78.383239,False,Ameerpet,25.08
LB Nagar,Habsiguda,54,17.349724,78.547972,17.420218,78.540538,False,Ameerpet,29.27
LB Nagar,Irrum Manzil,26,17.349724,78.547972,17.42036,78.456186,True,,14.54
LB Nagar,JBS Parade Ground,33,17.349724,78.547972,17.444472,78.497483,False,Mahatma Gandhi Bus Station,16.7
LB Nagar,JNTU College,45,17.349724,78.547972,17.498679,78.389015,True,,26.21
LB Nagar,Jubilee Hills Check Post,43,17.349724,78.547972,17.42834,78.413688,False,Ameerpet,20.52
LB Nagar,KPHB Colony,43,17.349724,78.547972,17.493796,78.401668,True,,24.72
LB Nagar,Khairatabad,23,17.349724,78.547972,17.411614,78.460844,True,,13.41
LB Nagar,Kukatpally,41,17.349724,78.547972,17.485121,78.411553,True,,23.26
LB Nagar,Lakdi Ka Pul,21,17.349724,78.547972,17.403687,78.464591,True,,12.31
LB Nagar,Madhapur,47,17.349724,78.547972,17.436879,78.400681,False,Ameerpet,22.36
LB Nagar,Madhura Nagar,36,17.349724,78.547972,17.437715,78.44055,False,Ameerpet,17.32
LB Nagar,Mahatma Gandhi Bus Station,13,17.349724,78.547972,17.379856,78.485961,True,,8.26
LB Nagar,Malakpet,11,17.349724,78.547972,17.377292,78.493831,True,,7.35
LB Nagar,Mettuguda,50,17.349724,78.547972,17.435572,78.5196,False,Ameerpet,26.42
LB Nagar,Miyapur,47,17.349724,78.547972,17.4964542,78.3729359,True,,27.96
LB Nagar,Moosapet,37,17.349724,78.547972,17.472162,78.425925,True,,21.13
LB Nagar,Musarambagh,8,17.349724,78.547972,17.371136,78.511946,True,,5.25
LB Nagar,Musheerabad,27,17.349724,78.547972,17.418808,78.499823,False,Mahatma Gandhi Bus Station,13.25
LB Nagar,Ngri,56,17.349724,78.547972,17.414859,78.546309,False,Ameerpet,30.42
LB Nagar,Nagole,61,17.349724,78.547972,17.39051,78.558659,False,Ameerpet,33.71
LB Nagar,Nampally,18,17.349724,78.547972,17.392352,78.470132,True,,10.65
LB Nagar,Narayanguda,22,17.349724,78.547972,17.394383,78.489863,False,Mahatma Gandhi Bus Station,10.31
LB Nagar,New Market,9,17.349724,78.547972,17.373486,78.502903,True,,6.24
LB Nagar,Osmania Medical College,15,17.349724,78.547972,17.382358,78.481073,True,,8.88
LB Nagar,Paradise,43,17.349724,78.547972,17.443496,78.486186,False,Ameerpet,21.79
LB Nagar,Peddamma Gudi,45,17.349724,78.547972,17.4306,78.408448,False,Ameerpet,21.46
LB Nagar,Prakash Nagar,39,17.349724,78.547972,17.445126,78.465903,False,Ameerpet,19.61
LB Nagar,Punjagutta,27,17.349724,78.547972,17.428583,78.45115,True,,15.57
LB Nagar,RTC Cross Roads,26,17.349724,78.547972,17.407119,78.496553,False,Mahatma Gandhi Bus Station,12.05
LB Nagar,Raidurg,55,17.349724,78.547972,17.442274,78.377094,False,Ameerpet,26.53
LB Nagar,Rasoolpura,41,17.349724,78.547972,17.443606,78.476363,False,Ameerpet,20.75
LB Nagar,Road No. 5 Jubilee Hills,41,17.349724,78.547972,17.430088,78.422995,False,Ameerpet,19.27
LB Nagar,S R Nagar,31,17.349724,78.547972,17.441659,78.441634,True,,17.36
LB Nagar,Secunderabad East,47,17.349724,78.547972,17.435789,78.505431,False,Ameerpet,24.87
LB Nagar,Secunderabad West,31,17.349724,78.547972,17.433718,78.499194,False,Mahatma Gandhi Bus Station,15.38
LB Nagar,Stadium,58,17.349724,78.547972,17.408538,78.553504,False,Ameerpet,31.6
LB Nagar,Sultan Bazaar,20,17.349724,78.547972,17.384134,78.483697,False,Mahatma Gandhi Bus Station,8.99
LB Nagar,Tarnaka,52,17.349724,78.547972,17.428297,78.52856,False,Ameerpet,27.67
LB Nagar,Uppal,59,17.349724,78.547972,17.400078,78.560251,False,Ameerpet,32.68
LB Nagar,Victoria Memorial,2,17.349724,78.547972,17.361889,78.543962,True,,1.43
LB Nagar,Yousufguda,39,17.349724,78.547972,17.435081,78.427292,False,Ameerpet,18.42
Lakdi Ka Pul,Ameerpet,8,17.403687,78.464591,17.435697,78.444603,True,,4.31
Lakdi Ka Pul,Assembly,2,17.403687,78.464591,17.39813,78.470786,True,,1.0
Lakdi Ka Pul,Dr. B. R. Ambedkar Balanagar,18,17.403687,78.464591,17.477586,78.42099,True,,9.95
Lakdi Ka Pul,Begumpet,16,17.403687,78.464591,17.437583,78.456945,False,Ameerpet,5.88
Lakdi Ka Pul,Bharat Nagar,15,17.403687,78.464591,17.464046,78.430048,True,,7.82
Lakdi Ka Pul,Chaitanyapuri,17,17.403687,78.464591,17.368398,78.535855,True,,9.65
Lakdi Ka Pul,Chikkadpally,19,17.403687,78.464591,17.400805,78.494876,False,Mahatma Gandhi Bus Station,7.03
Lakdi Ka Pul,Dilsukhnagar,16,17.403687,78.464591,17.368594,78.525728,True,,8.57
Lakdi Ka Pul,Durgam Cheruvu,29,17.403687,78.464591,17.442854,78.387646,False,Ameerpet,11.94
Lakdi Ka Pul,ESI Hospital,12,17.403687,78.464591,17.447377,78.438352,True,,5.77
Lakdi Ka Pul,Erragadda,13,17.403687,78.464591,17.457235,78.433531,True,,6.98
Lakdi Ka Pul,Gandhi Bhavan,5,17.403687,78.464591,17.38609,78.473099,True,,2.44
Lakdi Ka Pul,Gandhi Hospital,23,17.403687,78.464591,17.425639,78.501872,False,Mahatma Gandhi Bus Station,9.93
Lakdi Ka Pul,HITEC City,30,17.403687,78.464591,17.449025,78.383239,False,Ameerpet,12.77
Lakdi Ka Pul,Habsiguda,33,17.403687,78.464591,17.420218,78.540538,False,Ameerpet,16.96
Lakdi Ka Pul,Irrum Manzil,5,17.403687,78.464591,17.42036,78.456186,True,,2.23
Lakdi Ka Pul,JBS Parade Ground,28,17.403687,78.464591,17.444472,78.497483,False,Ameerpet,12.49
Lakdi Ka Pul,JNTU College,24,17.403687,78.464591,17.498679,78.389015,True,,13.9
Lakdi Ka Pul,Jubilee Hills Check Post,22,17.403687,78.464591,17.42834,78.413688,False,Ameerpet,8.21
Lakdi Ka Pul,KPHB Colony,22,17.403687,78.464591,17.493796,78.401668,True,,12.41
Lakdi Ka Pul,Khairatabad,2,17.403687,78.464591,17.411614,78.460844,True,,1.1
Lakdi Ka Pul,Kukatpally,20,17.403687,78.464591,17.485121,78.411553,True,,10.95
Lakdi Ka Pul,LB Nagar,21,17.403687,78.464591,17.349724,78.547972,True,,12.31
Lakdi Ka Pul,Madhapur,26,17.403687,78.464591,17.436879,78.400681,False,Ameerpet,10.05
Lakdi Ka Pul,Madhura Nagar,15,17.403687,78.464591,17.437715,78.44055,False,Ameerpet,5.01
Lakdi Ka Pul,Mahatma Gandhi Bus Station,8,17.403687,78.464591,17.379856,78.485961,True,,4.05
Lakdi Ka Pul,Malakpet,10,17.403687,78.464591,17.377292,78.493831,True,,4.96
Lakdi Ka Pul,Mettuguda,29,17.403687,78.464591,17.435572,78.5196,False,Ameerpet,14.11
Lakdi Ka Pul,Miyapur,26,17.403687,78.464591,17.4964542,78.3729359,True,,15.65
Lakdi Ka Pul,Moosapet,16,17.403687,78.464591,17.472162,78.425925,True,,8.82
Lakdi Ka Pul,Musarambagh,13,17.403687,78.464591,17.371136,78.511946,True,,7.06
Lakdi Ka Pul,Musheerabad,22,17.403687,78.464591,17.418808,78.499823,False,Mahatma Gandhi Bus Station,9.04
Lakdi Ka Pul,Ngri,35,17.403687,78.464591,17.414859,78.546309,False,Ameerpet,18.11
Lakdi Ka Pul,Nagole,40,17.403687,78.464591,17.39051,78.558659,False,Ameerpet,21.4
Lakdi Ka Pul,Nampally,3,17.403687,78.464591,17.392352,78.470132,True,,1.66
Lakdi Ka Pul,Narayanguda,17,17.403687,78.464591,17.394383,78.489863,False,Mahatma Gandhi Bus Station,6.1
Lakdi Ka Pul,New Market,12,17.403687,78.464591,17.373486,78.502903,True,,6.07
Lakdi Ka Pul,Osmania Medical College,6,17.403687,78.464591,17.382358,78.481073,True,,3.43
Lakdi Ka Pul,Paradise,22,17.403687,78.464591,17.443496,78.486186,False,Ameerpet,9.48
Lakdi Ka Pul,Peddamma Gudi,24,17.403687,78.464591,17.4306,78.408448,False,Ameerpet,9.15
Lakdi Ka Pul,Prakash Nagar,18,17.403687,78.464591,17.445126,78.465903,False,Ameerpet,7.3
Lakdi Ka Pul,Punjagutta,6,17.403687,78.464591,17.428583,78.45115,True,,3.26
Lakdi Ka Pul,RTC Cross Roads,21,17.403687,78.464591,17.407119,78.496553,False,Mahatma Gandhi Bus Station,7.84
Lakdi Ka Pul,Raidurg,34,17.403687,78.464591,17.442274,78.377094,False,Ameerpet,14.22
Lakdi Ka Pul,Rasoolpura,20,17.403687,78.464591,17.443606,78.476363,False,Ameerpet,8.44
Lakdi Ka Pul,Road No. 5 Jubilee Hills,20,17.403687,78.464591,17.430088,78.422995,False,Ameerpet,6.96
Lakdi Ka Pul,S R Nagar,10,17.403687,78.464591,17.441659,78.441634,True,,5.05
Lakdi Ka Pul,Secunderabad East,26,17.403687,78.464591,17.435789,78.505431,False,Ameerpet,12.56
Lakdi Ka Pul,Secunderabad West,26,17.403687,78.464591,17.433718,78.499194,False,Mahatma Gandhi Bus Station,11.17
Lakdi Ka Pul,Stadium,37,17.403687,78.464591,17.408538,78.553504,False,Ameerpet,19.29
Lakdi Ka Pul,Sultan Bazaar,15,17.403687,78.464591,17.384134,78.483697,False,Mahatma Gandhi Bus Station,4.78
Lakdi Ka Pul,Tarnaka,31,17.403687,78.464591,17.428297,78.52856,False,Ameerpet,15.36
Lakdi Ka Pul,Uppal,38,17.403687,78.464591,17.400078,78.560251,False,Ameerpet,20.37
Lakdi Ka Pul,Victoria Memorial,19,17.403687,78.464591,17.361889,78.543962,True,,10.88
Lakdi Ka Pul,Yousufguda,18,17.403687,78.464591,17.435081,78.427292,False,Ameerpet,6.11
Madhapur,Ameerpet,13,17.436879,78.400681,17.435697,78.444603,True,,5.74
Madhapur,Assembly,28,17.436879,78.400681,17.39813,78.470786,False,Ameerpet,11.05
Madhapur,Dr. B. R. Ambedkar Balanagar,28,17.436879,78.400681,17.477586,78.42099,False,Ameerpet,11.38
Madhapur,Begumpet,16,17.436879,78.400681,17.437583,78.456945,True,,7.31
Madhapur,Bharat Nagar,25,17.436879,78.400681,17.464046,78.430048,False,Ameerpet,9.25
Madhapur,Chaitanyapuri,43,17.436879,78.400681,17.368398,78.535855,False,Ameerpet,19.7
Madhapur,Chikkadpally,38,17.436879,78.400681,17.400805,78.494876,False,JBS Parade Ground,17.57
Madhapur,Dilsukhnagar,42,17.436879,78.400681,17.368594,78.525728,False,Ameerpet,18.62
Madhapur,Durgam Cheruvu,3,17.436879,78.400681,17.442854,78.387646,True,,1.89
Madhapur,ESI Hospital,22,17.436879,78.400681,17.447377,78.438352,False,Ameerpet,7.2
Madhapur,Erragadda,23,17.436879,78.400681,17.457235,78.433531,False,Ameerpet,8.41
Madhapur,Gandhi Bhavan,31,17.436879,78.400681,17.38609,78.473099,False,Ameerpet,12.49
Madhapur,Gandhi Hospital,34,17.436879,78.400681,17.425639,78.501872,False,JBS Parade Ground,14.67
Madhapur,HITEC City,4,17.436879,78.400681,17.449025,78.383239,True,,2.72
Madhapur,Habsiguda,33,17.436879,78.400681,17.420218,78.540538,True,,18.39
Madhapur,Irrum Manzil,21,17.436879,78.400681,17.42036,78.456186,False,Ameerpet,7.82
Madhapur,JBS Parade Ground,24,17.436879,78.400681,17.444472,78.497483,True,,12.11
Madhapur,JNTU College,34,17.436879,78.400681,17.498679,78.389015,False,Ameerpet,15.33
Madhapur,Jubilee Hills Check Post,4,17.436879,78.400681,17.42834,78.413688,True,,1.84
Madhapur,KPHB Colony,32,17.436879,78.400681,17.493796,78.401668,False,Ameerpet,13.84
Madhapur,Khairatabad,24,17.436879,78.400681,17.411614,78.460844,False,Ameerpet,8.95
Madhapur,Kukatpally,30,17.436879,78.400681,17.485121,78.411553,False,Ameerpet,12.38
Madhapur,LB Nagar,47,17.436879,78.400681,17.349724,78.547972,False,Ameerpet,22.36
Madhapur,Lakdi Ka Pul,26,17.436879,78.400681,17.403687,78.464591,False,Ameerpet,10.05
Madhapur,Madhura Nagar,11,17.436879,78.400681,17.437715,78.44055,True,,5.04
Madhapur,Mahatma Gandhi Bus Station,34,17.436879,78.400681,17.379856,78.485961,False,Ameerpet,14.1
Madhapur,Malakpet,36,17.436879,78.400681,17.377292,78.493831,False,Ameerpet,15.01
Madhapur,Mettuguda,29,17.436879,78.400681,17.435572,78.5196,True,,15.54
Madhapur,Miyapur,36,17.436879,78.400681,17.4964542,78.3729359,False,Ameerpet,17.08
Madhapur,Moosapet,26,17.436879,78.400681,17.472162,78.425925,False,Ameerpet,10.25
Madhapur,Musarambagh,39,17.436879,78.400681,17.371136,78.511946,False,Ameerpet,17.11
Madhapur,Musheerabad,35,17.436879,78.400681,17.418808,78.499823,False,JBS Parade Ground,15.56
Madhapur,Ngri,35,17.436879,78.400681,17.414859,78.546309,True,,19.54
Madhapur,Nagole,40,17.436879,78.400681,17.39051,78.558659,True,,22.83
Madhapur,Nampally,29,17.436879,78.400681,17.392352,78.470132,False,Ameerpet,11.71
Madhapur,Narayanguda,40,17.436879,78.400681,17.394383,78.489863,False,JBS Parade Ground,18.5
Madhapur,New Market,38,17.436879,78.400681,17.373486,78.502903,False,Ameerpet,16.12
Madhapur,Osmania Medical College,32,17.436879,78.400681,17.382358,78.481073,False,Ameerpet,13.48
Madhapur,Paradise,22,17.436879,78.400681,17.443496,78.486186,True,,10.91
Madhapur,Peddamma Gudi,2,17.436879,78.400681,17.4306,78.408448,True,,0.9
Madhapur,Prakash Nagar,18,17.436879,78.400681,17.445126,78.465903,True,,8.73
Madhapur,Punjagutta,20,17.436879,78.400681,17.428583,78.45115,False,Ameerpet,6.79
Madhapur,RTC Cross Roads,36,17.436879,78.400681,17.407119,78.496553,False,JBS Parade Ground,16.76
Madhapur,Raidurg,8,17.436879,78.400681,17.442274,78.377094,True,,4.17
Madhapur,Rasoolpura,20,17.436879,78.400681,17.443606,78.476363,True,,9.87
Madhapur,Road No. 5 Jubilee Hills,6,17.436879,78.400681,17.430088,78.422995,True,,3.09
Madhapur,S R Nagar,20,17.436879,78.400681,17.441659,78.441634,False,Ameerpet,6.48
Madhapur,Secunderabad East,26,17.436879,78.400681,17.435789,78.505431,True,,13.99
Madhapur,Secunderabad West,31,17.436879,78.400681,17.433718,78.499194,False,JBS Parade Ground,13.43
Madhapur,Stadium,37,17.436879,78.400681,17.408538,78.553504,True,,20.72
Madhapur,Sultan Bazaar,42,17.436879,78.400681,17.384134,78.483697,False,JBS Parade Ground,19.82
Madhapur,Tarnaka,31,17.436879,78.400681,17.428297,78.52856,True,,16.79
Madhapur,Uppal,38,17.436879,78.400681,17.400078,78.560251,True,,21.8
Madhapur,Victoria Memorial,45,17.436879,78.400681,17.361889,78.543962,False,Ameerpet,20.93
Madhapur,Yousufguda,8,17.436879,78.400681,17.435081,78.427292,True,,3.94
Madhura Nagar,Ameerpet,2,17.437715,78.44055,17.435697,78.444603,True,,0.7
Madhura Nagar,Assembly,17,17.437715,78.44055,17.39813,78.470786,False,Ameerpet,6.01
Madhura Nagar,Dr. B. R. Ambedkar Balanagar,17,17.437715,78.44055,17.477586,78.42099,False,Ameerpet,6.34
Madhura Nagar,Begumpet,5,17.437715,78.44055,17.437583,78.456945,True,,2.27
Madhura Nagar,Bharat Nagar,14,17.437715,78.44055,17.464046,78.430048,False,Ameerpet,4.21
Madhura Nagar,Chaitanyapuri,32,17.437715,78.44055,17.368398,78.535855,False,Ameerpet,14.66
Madhura Nagar,Chikkadpally,27,17.437715,78.44055,17.400805,78.494876,False,JBS Parade Ground,12.53
Madhura Nagar,Dilsukhnagar,31,17.437715,78.44055,17.368594,78.525728,False,Ameerpet,13.58
Madhura Nagar,Durgam Cheruvu,14,17.437715,78.44055,17.442854,78.387646,True,,6.93
Madhura Nagar,ESI Hospital,11,17.437715,78.44055,17.447377,78.438352,False,Ameerpet,2.16
Madhura Nagar,Erragadda,12,17.437715,78.44055,17.457235,78.433531,False,Ameerpet,3.37
Madhura Nagar,Gandhi Bhavan,20,17.437715,78.44055,17.38609,78.473099,False,Ameerpet,7.45
Madhura Nagar,Gandhi Hospital,23,17.437715,78.44055,17.425639,78.501872,False,JBS Parade Ground,9.63
Madhura Nagar,HITEC City,15,17.437715,78.44055,17.449025,78.383239,True,,7.76
Madhura Nagar,Habsiguda,22,17.437715,78.44055,17.420218,78.540538,True,,13.35
Madhura Nagar,Irrum Manzil,10,17.437715,78.44055,17.42036,78.456186,False,Ameerpet,2.78
Madhura Nagar,JBS Parade Ground,13,17.437715,78.44055,17.444472,78.497483,True,,7.07
Madhura Nagar,JNTU College,23,17.437715,78.44055,17.498679,78.389015,False,Ameerpet,10.29
Madhura Nagar,Jubilee Hills Check Post,7,17.437715,78.44055,17.42834,78.413688,True,,3.2
Madhura Nagar,KPHB Colony,21,17.437715,78.44055,17.493796,78.401668,False,Ameerpet,8.8
Madhura Nagar,Khairatabad,13,17.437715,78.44055,17.411614,78.460844,False,Ameerpet,3.91
Madhura Nagar,Kukatpally,19,17.437715,78.44055,17.485121,78.411553,False,Ameerpet,7.34
Madhura Nagar,LB Nagar,36,17.437715,78.44055,17.349724,78.547972,False,Ameerpet,17.32
Madhura Nagar,Lakdi Ka Pul,15,17.437715,78.44055,17.403687,78.464591,False,Ameerpet,5.01
Madhura Nagar,Madhapur,11,17.437715,78.44055,17.436879,78.400681,True,,5.04
Madhura Nagar,Mahatma Gandhi Bus Station,23,17.437715,78.44055,17.379856,78.485961,False,Ameerpet,9.06
Madhura Nagar,Malakpet,25,17.437715,78.44055,17.377292,78.493831,False,Ameerpet,9.97
Madhura Nagar,Mettuguda,18,17.437715,78.44055,17.435572,78.5196,True,,10.5
Madhura Nagar,Miyapur,25,17.437715,78.44055,17.4964542,78.3729359,False,Ameerpet,12.04
Madhura Nagar,Moosapet,15,17.437715,78.44055,17.472162,78.425925,False,Ameerpet,5.21
Madhura Nagar,Musarambagh,28,17.437715,78.44055,17.371136,78.511946,False,Ameerpet,12.07
Madhura Nagar,Musheerabad,24,17.437715,78.44055,17.418808,78.499823,False,JBS Parade Ground,10.52
Madhura Nagar,Ngri,24,17.437715,78.44055,17.414859,78.546309,True,,14.5
Madhura Nagar,Nagole,29,17.437715,78.44055,17.39051,78.558659,True,,17.79
Madhura Nagar,Nampally,18,17.437715,78.44055,17.392352,78.470132,False,Ameerpet,6.67
Madhura Nagar,Narayanguda,29,17.437715,78.44055,17.394383,78.489863,False,JBS Parade Ground,13.46
Madhura Nagar,New Market,27,17.437715,78.44055,17.373486,78.502903,False,Ameerpet,11.08
Madhura Nagar,Osmania Medical College,21,17.437715,78.44055,17.382358,78.481073,False,Ameerpet,8.44
Madhura Nagar,Paradise,11,17.437715,78.44055,17.443496,78.486186,True,,5.87
Madhura Nagar,Peddamma Gudi,9,17.437715,78.44055,17.4306,78.408448,True,,4.14
Madhura Nagar,Prakash Nagar,7,17.437715,78.44055,17.445126,78.465903,True,,3.69
Madhura Nagar,Punjagutta,9,17.437715,78.44055,17.428583,78.45115,False,Ameerpet,1.75
Madhura Nagar,RTC Cross Roads,25,17.437715,78.44055,17.407119,78.496553,False,JBS Parade Ground,11.72
Madhura Nagar,Raidurg,19,17.437715,78.44055,17.442274,78.377094,True,,9.21
Madhura Nagar,Rasoolpura,9,17.437715,78.44055,17.443606,78.476363,True,,4.83
Madhura Nagar,Road No. 5 Jubilee Hills,5,17.437715,78.44055,17.430088,78.422995,True,,1.95
Madhura Nagar,S R Nagar,9,17.437715,78.44055,17.441659,78.441634,False,Ameerpet,1.44
Madhura Nagar,Secunderabad East,15,17.437715,78.44055,17.435789,78.505431,True,,8.95
Madhura Nagar,Secunderabad West,20,17.437715,78.44055,17.433718,78.499194,False,JBS Parade Ground,8.39
Madhura Nagar,Stadium,26,17.437715,78.44055,17.408538,78.553504,True,,15.68
Madhura Nagar,Sultan Bazaar,31,17.437715,78.44055,17.384134,78.483697,False,JBS Parade Ground,14.78
Madhura Nagar,Tarnaka,20,17.437715,78.44055,17.428297,78.52856,True,,11.75
Madhura Nagar,Uppal,27,17.437715,78.44055,17.400078,78.560251,True,,16.76
Madhura Nagar,Victoria Memorial,34,17.437715,78.44055,17.361889,78.543962,False,Ameerpet,15.89
Madhura Nagar,Yousufguda,3,17.437715,78.44055,17.435081,78.427292,True,,1.1
Mahatma Gandhi Bus Station,Ameerpet,31,17.379856,78.485961,17.435697,78.444603,False,,14.81
Mahatma Gandhi Bus Station,Assembly,6,17.379856,78.485961,17.39813,78.470786,True,,3.05
Mahatma Gandhi Bus Station,Dr. B. R. Ambedkar Balanagar,26,17.379856,78.485961,17.477586,78.42099,True,,14.0
Mahatma Gandhi Bus Station,Begumpet,24,17.379856,78.485961,17.437583,78.456945,False,Ameerpet,9.93
Mahatma Gandhi Bus Station,Bharat Nagar,23,17.379856,78.485961,17.464046,78.430048,True,,11.87
Mahatma Gandhi Bus Station,Chaitanyapuri,9,17.379856,78.485961,17.368398,78.535855,True,,5.6
Mahatma Gandhi Bus Station,Chikkadpally,6,17.379856,78.485961,17.400805,78.494876,True,,2.98
Mahatma Gandhi Bus Station,Dilsukhnagar,8,17.379856,78.485961,17.368594,78.525728,True,,4.52
Mahatma Gandhi Bus Station,Durgam Cheruvu,37,17.379856,78.485961,17.442854,78.387646,False,Ameerpet,15.99
Mahatma Gandhi Bus Station,ESI Hospital,20,17.379856,78.485961,17.447377,78.438352,True,,9.82
Mahatma Gandhi Bus Station,Erragadda,21,17.379856,78.485961,17.457235,78.433531,True,,11.03
Mahatma Gandhi Bus Station,Gandhi Bhavan,3,17.379856,78.485961,17.38609,78.473099,True,,1.61
Mahatma Gandhi Bus Station,Gandhi Hospital,10,17.379856,78.485961,17.425639,78.501872,True,,5.88
Mahatma Gandhi Bus Station,HITEC City,38,17.379856,78.485961,17.449025,78.383239,False,Ameerpet,16.82
Mahatma Gandhi Bus Station,Habsiguda,41,17.379856,78.485961,17.420218,78.540538,False,JBS Parade Ground,21.01
Mahatma Gandhi Bus Station,Irrum Manzil,13,17.379856,78.485961,17.42036,78.456186,True,,6.28
Mahatma Gandhi Bus Station,JBS Parade Ground,32,17.379856,78.485961,17.444472,78.497483,False,,14.73
Mahatma Gandhi Bus Station,JNTU College,32,17.379856,78.485961,17.498679,78.389015,True,,17.95
Mahatma Gandhi Bus Station,Jubilee Hills Check Post,30,17.379856,78.485961,17.42834,78.413688,False,Ameerpet,12.26
Mahatma Gandhi Bus Station,KPHB Colony,30,17.379856,78.485961,17.493796,78.401668,True,,16.46
Mahatma Gandhi Bus Station,Khairatabad,10,17.379856,78.485961,17.411614,78.460844,True,,5.15
Mahatma Gandhi Bus Station,Kukatpally,28,17.379856,78.485961,17.485121,78.411553,True,,15.0
Mahatma Gandhi Bus Station,LB Nagar,13,17.379856,78.485961,17.349724,78.547972,True,,8.26
Mahatma Gandhi Bus Station,Lakdi Ka Pul,8,17.379856,78.485961,17.403687,78.464591,True,,4.05
Mahatma Gandhi Bus Station,Madhapur,34,17.379856,78.485961,17.436879,78.400681,False,Ameerpet,14.1
Mahatma Gandhi Bus Station,Madhura Nagar,23,17.379856,78.485961,17.437715,78.44055,False,Ameerpet,9.06
Mahatma Gandhi Bus Station,Malakpet,2,17.379856,78.485961,17.377292,78.493831,True,,0.91
Mahatma Gandhi Bus Station,Mettuguda,37,17.379856,78.485961,17.435572,78.5196,False,JBS Parade Ground,18.16
Mahatma Gandhi Bus Station,Miyapur,34,17.379856,78.485961,17.4964542,78.3729359,True,,19.7
Mahatma Gandhi Bus Station,Moosapet,24,17.379856,78.485961,17.472162,78.425925,True,,12.87
Mahatma Gandhi Bus Station,Musarambagh,5,17.379856,78.485961,17.371136,78.511946,True,,3.01
Mahatma Gandhi Bus Station,Musheerabad,9,17.379856,78.485961,17.418808,78.499823,True,,4.99
Mahatma Gandhi Bus Station,Ngri,43,17.379856,78.485961,17.414859,78.546309,False,JBS Parade Ground,22.16
Mahatma Gandhi Bus Station,Nagole,48,17.379856,78.485961,17.39051,78.558659,False,JBS Parade Ground,25.45
Mahatma Gandhi Bus Station,Nampally,5,17.379856,78.485961,17.392352,78.470132,True,,2.39
Mahatma Gandhi Bus Station,Narayanguda,4,17.379856,78.485961,17.394383,78.489863,True,,2.05
Mahatma Gandhi Bus Station,New Market,4,17.379856,78.485961,17.373486,78.502903,True,,2.02
Mahatma Gandhi Bus Station,Osmania Medical College,2,17.379856,78.485961,17.382358,78.481073,True,,0.62
Mahatma Gandhi Bus Station,Paradise,30,17.379856,78.485961,17.443496,78.486186,False,JBS Parade Ground,13.53
Mahatma Gandhi Bus Station,Peddamma Gudi,32,17.379856,78.485961,17.4306,78.408448,False,Ameerpet,13.2
Mahatma Gandhi Bus Station,Prakash Nagar,26,17.379856,78.485961,17.445126,78.465903,False,Ameerpet,11.35
Mahatma Gandhi Bus Station,Punjagutta,14,17.379856,78.485961,17.428583,78.45115,True,,7.31
Mahatma Gandhi Bus Station,RTC Cross Roads,8,17.379856,78.485961,17.407119,78.496553,True,,3.79
Mahatma Gandhi Bus Station,Raidurg,42,17.379856,78.485961,17.442274,78.377094,False,Ameerpet,18.27
Mahatma Gandhi Bus Station,Rasoolpura,28,17.379856,78.485961,17.443606,78.476363,False,JBS Parade Ground,12.49
Mahatma Gandhi Bus Station,Road No. 5 Jubilee Hills,28,17.379856,78.485961,17.430088,78.422995,False,Ameerpet,11.01
Mahatma Gandhi Bus Station,S R Nagar,18,17.379856,78.485961,17.441659,78.441634,True,,9.1
Mahatma Gandhi Bus Station,Secunderabad East,34,17.379856,78.485961,17.435789,78.505431,False,JBS Parade Ground,16.61
Mahatma Gandhi Bus Station,Secunderabad West,13,17.379856,78.485961,17.433718,78.499194,True,,7.12
Mahatma Gandhi Bus Station,Stadium,45,17.379856,78.485961,17.408538,78.553504,False,JBS Parade Ground,23.34
Mahatma Gandhi Bus Station,Sultan Bazaar,2,17.379856,78.485961,17.384134,78.483697,True,,0.73
Mahatma Gandhi Bus Station,Tarnaka,39,17.379856,78.485961,17.428297,78.52856,False,JBS Parade Ground,19.41
Mahatma Gandhi Bus Station,Uppal,46,17.379856,78.485961,17.400078,78.560251,False,JBS Parade Ground,24.42
Mahatma Gandhi Bus Station,Victoria Memorial,11,17.379856,78.485961,17.361889,78.543962,True,,6.83
Mahatma Gandhi Bus Station,Yousufguda,26,17.379856,78.485961,17.435081,78.427292,False,Ameerpet,10.16
Malakpet,Ameerpet,18,17.377292,78.493831,17.435697,78.444603,True,,9.27
Malakpet,Assembly,8,17.377292,78.493831,17.39813,78.470786,True,,3.96
Malakpet,Dr. B. R. Ambedkar Balanagar,28,17.377292,78.493831,17.477586,78.42099,True,,14.91
Malakpet,Begumpet,26,17.377292,78.493831,17.437583,78.456945,False,Ameerpet,10.84
Malakpet,Bharat Nagar,25,17.377292,78.493831,17.464046,78.430048,True,,12.78
Malakpet,Chaitanyapuri,7,17.377292,78.493831,17.368398,78.535855,True,,4.69
Malakpet,Chikkadpally,13,17.377292,78.493831,17.400805,78.494876,False,Mahatma Gandhi Bus Station,3.89
Malakpet,Dilsukhnagar,6,17.377292,78.493831,17.368594,78.525728,True,,3.61
Malakpet,Durgam Cheruvu,39,17.377292,78.493831,17.442854,78.387646,False,Ameerpet,16.9
Malakpet,ESI Hospital,22,17.377292,78.493831,17.447377,78.438352,True,,10.73
Malakpet,Erragadda,23,17.377292,78.493831,17.457235,78.433531,True,,11.94
Malakpet,Gandhi Bhavan,5,17.377292,78.493831,17.38609,78.473099,True,,2.52
Malakpet,Gandhi Hospital,17,17.377292,78.493831,17.425639,78.501872,False,Mahatma Gandhi Bus Station,6.79
Malakpet,HITEC City,40,17.377292,78.493831,17.449025,78.383239,False,Ameerpet,17.73
Malakpet,Habsiguda,43,17.377292,78.493831,17.420218,78.540538,False,Ameerpet,21.92
Malakpet,Irrum Manzil,15,17.377292,78.493831,17.42036,78.456186,True,,7.19
Malakpet,JBS Parade Ground,22,17.377292,78.493831,17.444472,78.497483,False,Mahatma Gandhi Bus Station,9.35
Malakpet,JNTU College,34,17.377292,78.493831,17.498679,78.389015,True,,18.86
Malakpet,Jubilee Hills Check Post,32,17.377292,78.493831,17.42834,78.413688,False,Ameerpet,13.17
Malakpet,KPHB Colony,32,17.377292,78.493831,17.493796,78.401668,True,,17.37
Malakpet,Khairatabad,12,17.377292,78.493831,17.411614,78.460844,True,,6.06
Malakpet,Kukatpally,30,17.377292,78.493831,17.485121,78.411553,True,,15.91
Malakpet,LB Nagar,11,17.377292,78.493831,17.349724,78.547972,True,,7.35
Malakpet,Lakdi Ka Pul,10,17.377292,78.493831,17.403687,78.464591,True,,4.96
Malakpet,Madhapur,36,17.377292,78.493831,17.436879,78.400681,False,Ameerpet,15.01
Malakpet,Madhura Nagar,25,17.377292,78.493831,17.437715,78.44055,False,Ameerpet,9.97
Malakpet,Mahatma Gandhi Bus Station,2,17.377292,78.493831,17.379856,78.485961,True,,0.91
Malakpet,Mettuguda,39,17.377292,78.493831,17.435572,78.5196,False,Ameerpet,19.07
Malakpet,Miyapur,36,17.377292,78.493831,17.4964542,78.3729359,True,,20.61
Malakpet,Moosapet,26,17.377292,78.493831,17.472162,78.425925,True,,13.78
Malakpet,Musarambagh,3,17.377292,78.493831,17.371136,78.511946,True,,2.1
Malakpet,Musheerabad,16,17.377292,78.493831,17.418808,78.499823,False,Mahatma Gandhi Bus Station,5.9
Malakpet,Ngri,45,17.377292,78.493831,17.414859,78.546309,False,Ameerpet,23.07
Malakpet,Nagole,50,17.377292,78.493831,17.39051,78.558659,False,Ameerpet,26.36
Malakpet,Nampally,7,17.377292,78.493831,17.392352,78.470132,True,,3.3
Malakpet,Narayanguda,11,17.377292,78.493831,17.394383,78.489863,False,Mahatma Gandhi Bus Station,2.96
Malakpet,New Market,2,17.377292,78.493831,17.373486,78.502903,True,,1.11
Malakpet,Osmania Medical College,4,17.377292,78.493831,17.382358,78.481073,True,,1.53
Malakpet,Paradise,32,17.377292,78.493831,17.443496,78.486186,False,Ameerpet,14.44
Malakpet,Peddamma Gudi,34,17.377292,78.493831,17.4306,78.408448,False,Ameerpet,14.11
Malakpet,Prakash Nagar,28,17.377292,78.493831,17.445126,78.465903,False,Ameerpet,12.26
Malakpet,Punjagutta,16,17.377292,78.493831,17.428583,78.45115,True,,8.22
Malakpet,RTC Cross Roads,15,17.377292,78.493831,17.407119,78.496553,False,Mahatma Gandhi Bus Station,4.7
Malakpet,Raidurg,44,17.377292,78.493831,17.442274,78.377094,False,Ameerpet,19.18
Malakpet,Rasoolpura,30,17.377292,78.493831,17.443606,78.476363,False,Ameerpet,13.4
Malakpet,Road No. 5 Jubilee Hills,30,17.377292,78.493831,17.430088,78.422995,False,Ameerpet,11.92
Malakpet,S R Nagar,20,17.377292,78.493831,17.441659,78.441634,True,,10.01
Malakpet,Secunderabad East,36,17.377292,78.493831,17.435789,78.505431,False,Ameerpet,17.52
Malakpet,Secunderabad West,20,17.377292,78.493831,17.433718,78.499194,False,Mahatma Gandhi Bus Station,8.03
Malakpet,Stadium,47,17.377292,78.493831,17.408538,78.553504,False,Ameerpet,24.25
Malakpet,Sultan Bazaar,9,17.377292,78.493831,17.384134,78.483697,False,Mahatma Gandhi Bus Station,1.64
Malakpet,Tarnaka,41,17.377292,78.493831,17.428297,78.52856,False,Ameerpet,20.32
Malakpet,Uppal,48,17.377292,78.493831,17.400078,78.560251,False,Ameerpet,25.33
Malakpet,Victoria Memorial,9,17.377292,78.493831,17.361889,78.543962,True,,5.92
Malakpet,Yousufguda,28,17.377292,78.493831,17.435081,78.427292,False,Ameerpet,11.07
Mettuguda,Ameerpet,16,17.435572,78.5196,17.435697,78.444603,True,,9.8
Mettuguda,Assembly,31,17.435572,78.5196,17.39813,78.470786,False,Ameerpet,15.11
Mettuguda,Dr. B. R. Ambedkar Balanagar,31,17.435572,78.5196,17.477586,78.42099,False,Ameerpet,15.44
Mettuguda,Begumpet,13,17.435572,78.5196,17.437583,78.456945,True,,8.23
Mettuguda,Bharat Nagar,28,17.435572,78.5196,17.464046,78.430048,False,Ameerpet,13.31
Mettuguda,Chaitanyapuri,46,17.435572,78.5196,17.368398,78.535855,False,Ameerpet,23.76
Mettuguda,Chikkadpally,19,17.435572,78.5196,17.400805,78.494876,False,JBS Parade Ground,8.89
Mettuguda,Dilsukhnagar,45,17.435572,78.5196,17.368594,78.525728,False,Ameerpet,22.68
Mettuguda,Durgam Cheruvu,32,17.435572,78.5196,17.442854,78.387646,True,,17.43
Mettuguda,ESI Hospital,25,17.435572,78.5196,17.447377,78.438352,False,Ameerpet,11.26
Mettuguda,Erragadda,26,17.435572,78.5196,17.457235,78.433531,False,Ameerpet,12.47
Mettuguda,Gandhi Bhavan,34,17.435572,78.5196,17.38609,78.473099,False,Ameerpet,16.55
Mettuguda,Gandhi Hospital,15,17.435572,78.5196,17.425639,78.501872,False,JBS Parade Ground,5.99
Mettuguda,HITEC City,33,17.435572,78.5196,17.449025,78.383239,True,,18.26
Mettuguda,Habsiguda,4,17.435572,78.5196,17.420218,78.540538,True,,2.85
Mettuguda,Irrum Manzil,24,17.435572,78.5196,17.42036,78.456186,False,Ameerpet,11.88
Mettuguda,JBS Parade Ground,5,17.435572,78.5196,17.444472,78.497483,True,,3.43
Mettuguda,JNTU College,37,17.435572,78.5196,17.498679,78.389015,False,Ameerpet,19.39
Mettuguda,Jubilee Hills Check Post,25,17.435572,78.5196,17.42834,78.413688,True,,13.7
Mettuguda,KPHB Colony,35,17.435572,78.5196,17.493796,78.401668,False,Ameerpet,17.9
Mettuguda,Khairatabad,27,17.435572,78.5196,17.411614,78.460844,False,Ameerpet,13.01
Mettuguda,Kukatpally,33,17.435572,78.5196,17.485121,78.411553,False,Ameerpet,16.44
Mettuguda,LB Nagar,50,17.435572,78.5196,17.349724,78.547972,False,Ameerpet,26.42
Mettuguda,Lakdi Ka Pul,29,17.435572,78.5196,17.403687,78.464591,False,Ameerpet,14.11
Mettuguda,Madhapur,29,17.435572,78.5196,17.436879,78.400681,True,,15.54
Mettuguda,Madhura Nagar,18,17.435572,78.5196,17.437715,78.44055,True,,10.5
Mettuguda,Mahatma Gandhi Bus Station,37,17.435572,78.5196,17.379856,78.485961,False,JBS Parade Ground,18.16
Mettuguda,Malakpet,39,17.435572,78.5196,17.377292,78.493831,False,Ameerpet,19.07
Mettuguda,Miyapur,39,17.435572,78.5196,17.4964542,78.3729359,False,Ameerpet,21.14
Mettuguda,Moosapet,29,17.435572,78.5196,17.472162,78.425925,False,Ameerpet,14.31
Mettuguda,Musarambagh,42,17.435572,78.5196,17.371136,78.511946,False,Ameerpet,21.17
Mettuguda,Musheerabad,16,17.435572,78.5196,17.418808,78.499823,False,JBS Parade Ground,6.88
Mettuguda,Ngri,6,17.435572,78.5196,17.414859,78.546309,True,,4.0
Mettuguda,Nagole,11,17.435572,78.5196,17.39051,78.558659,True,,7.29
Mettuguda,Nampally,32,17.435572,78.5196,17.392352,78.470132,False,Ameerpet,15.77
Mettuguda,Narayanguda,21,17.435572,78.5196,17.394383,78.489863,False,JBS Parade Ground,9.82
Mettuguda,New Market,41,17.435572,78.5196,17.373486,78.502903,False,Ameerpet,20.18
Mettuguda,Osmania Medical College,35,17.435572,78.5196,17.382358,78.481073,False,Ameerpet,17.54
Mettuguda,Paradise,7,17.435572,78.5196,17.443496,78.486186,True,,4.63
Mettuguda,Peddamma Gudi,27,17.435572,78.5196,17.4306,78.408448,True,,14.64
Mettuguda,Prakash Nagar,11,17.435572,78.5196,17.445126,78.465903,True,,6.81
Mettuguda,Punjagutta,23,17.435572,78.5196,17.428583,78.45115,False,Ameerpet,10.85
Mettuguda,RTC Cross Roads,17,17.435572,78.5196,17.407119,78.496553,False,JBS Parade Ground,8.08
Mettuguda,Raidurg,37,17.435572,78.5196,17.442274,78.377094,True,,19.71
Mettuguda,Rasoolpura,9,17.435572,78.5196,17.443606,78.476363,True,,5.67
Mettuguda,Road No. 5 Jubilee Hills,23,17.435572,78.5196,17.430088,78.422995,True,,12.45
Mettuguda,S R Nagar,23,17.435572,78.5196,17.441659,78.441634,False,Ameerpet,10.54
Mettuguda,Secunderabad East,3,17.435572,78.5196,17.435789,78.505431,True,,1.55
Mettuguda,Secunderabad West,12,17.435572,78.5196,17.433718,78.499194,False,JBS Parade Ground,4.75
Mettuguda,Stadium,8,17.435572,78.5196,17.408538,78.553504,True,,5.18
Mettuguda,Sultan Bazaar,23,17.435572,78.5196,17.384134,78.483697,False,JBS Parade Ground,11.14
Mettuguda,Tarnaka,2,17.435572,78.5196,17.428297,78.52856,True,,1.25
Mettuguda,Uppal,9,17.435572,78.5196,17.400078,78.560251,True,,6.26
Mettuguda,Victoria Memorial,48,17.435572,78.5196,17.361889,78.543962,False,Ameerpet,24.99
Mettuguda,Yousufguda,21,17.435572,78.5196,17.435081,78.427292,True,,11.6
Miyapur,Ameerpet,18,17.4964542,78.3729359,17.435697,78.444603,True,,11.34
Miyapur,Assembly,28,17.4964542,78.3729359,17.39813,78.470786,True,,16.65
Miyapur,Dr. B. R. Ambedkar Balanagar,8,17.4964542,78.3729359,17.477586,78.42099,True,,5.7
Miyapur,Begumpet,26,17.4964542,78.3729359,17.437583,78.456945,False,Ameerpet,12.91
Miyapur,Bharat Nagar,11,17.4964542,78.3729359,17.464046,78.430048,True,,7.83
Miyapur,Chaitanyapuri,43,17.4964542,78.3729359,17.368398,78.535855,True,,25.3
Miyapur,Chikkadpally,45,17.4964542,78.3729359,17.400805,78.494876,False,Mahatma Gandhi Bus Station,22.68
Miyapur,Dilsukhnagar,42,17.4964542,78.3729359,17.368594,78.525728,True,,24.22
Miyapur,Durgam Cheruvu,39,17.4964542,78.3729359,17.442854,78.387646,False,Ameerpet,18.97
Miyapur,ESI Hospital,14,17.4964542,78.3729359,17.447377,78.438352,True,,9.88
Miyapur,Erragadda,13,17.4964542,78.3729359,17.457235,78.433531,True,,8.67
Miyapur,Gandhi Bhavan,31,17.4964542,78.3729359,17.38609,78.473099,True,,18.09
Miyapur,Gandhi Hospital,49,17.4964542,78.3729359,17.425639,78.501872,False,Mahatma Gandhi Bus Station,25.58
Miyapur,HITEC City,40,17.4964542,78.3729359,17.449025,78.383239,False,Ameerpet,19.8
Miyapur,Habsiguda,43,17.4964542,78.3729359,17.420218,78.540538,False,Ameerpet,23.99
Miyapur,Irrum Manzil,21,17.4964542,78.3729359,17.42036,78.456186,True,,13.42
Miyapur,JBS Parade Ground,54,17.4964542,78.3729359,17.444472,78.497483,False,Ameerpet,28.14
Miyapur,JNTU College,2,17.4964542,78.3729359,17.498679,78.389015,True,,1.75
Miyapur,Jubilee Hills Check Post,32,17.4964542,78.3729359,17.42834,78.413688,False,Ameerpet,15.24
Miyapur,KPHB Colony,4,17.4964542,78.3729359,17.493796,78.401668,True,,3.24
Miyapur,Khairatabad,24,17.4964542,78.3729359,17.411614,78.460844,True,,14.55
Miyapur,Kukatpally,6,17.4964542,78.3729359,17.485121,78.411553,True,,4.7
Miyapur,LB Nagar,47,17.4964542,78.3729359,17.349724,78.547972,True,,27.96
Miyapur,Lakdi Ka Pul,26,17.4964542,78.3729359,17.403687,78.464591,True,,15.65
Miyapur,Madhapur,36,17.4964542,78.3729359,17.436879,78.400681,False,Ameerpet,17.08
Miyapur,Madhura Nagar,25,17.4964542,78.3729359,17.437715,78.44055,False,Ameerpet,12.04
Miyapur,Mahatma Gandhi Bus Station,34,17.4964542,78.3729359,17.379856,78.485961,True,,19.7
Miyapur,Malakpet,36,17.4964542,78.3729359,17.377292,78.493831,True,,20.61
Miyapur,Mettuguda,39,17.4964542,78.3729359,17.435572,78.5196,False,Ameerpet,21.14
Miyapur,Moosapet,10,17.4964542,78.3729359,17.472162,78.425925,True,,6.83
Miyapur,Musarambagh,39,17.4964542,78.3729359,17.371136,78.511946,True,,22.71
Miyapur,Musheerabad,48,17.4964542,78.3729359,17.418808,78.499823,False,Mahatma Gandhi Bus Station,24.69
Miyapur,Ngri,45,17.4964542,78.3729359,17.414859,78.546309,False,Ameerpet,25.14
Miyapur,Nagole,50,17.4964542,78.3729359,17.39051,78.558659,False,Ameerpet,28.43
Miyapur,Nampally,29,17.4964542,78.3729359,17.392352,78.470132,True,,17.31
Miyapur,Narayanguda,43,17.4964542,78.3729359,17.394383,78.489863,False,Mahatma Gandhi Bus Station,21.75
Miyapur,New Market,38,17.4964542,78.3729359,17.373486,78.502903,True,,21.72
Miyapur,Osmania Medical College,32,17.4964542,78.3729359,17.382358,78.481073,True,,19.08
Miyapur,Paradise,32,17.4964542,78.3729359,17.443496,78.486186,False,Ameerpet,16.51
Miyapur,Peddamma Gudi,34,17.4964542,78.3729359,17.4306,78.408448,False,Ameerpet,16.18
Miyapur,Prakash Nagar,28,17.4964542,78.3729359,17.445126,78.465903,False,Ameerpet,14.33
Miyapur,Punjagutta,20,17.4964542,78.3729359,17.428583,78.45115,True,,12.39
Miyapur,RTC Cross Roads,47,17.4964542,78.3729359,17.407119,78.496553,False,Mahatma Gandhi Bus Station,23.49
Miyapur,Raidurg,44,17.4964542,78.3729359,17.442274,78.377094,False,Ameerpet,21.25
Miyapur,Rasoolpura,30,17.4964542,78.3729359,17.443606,78.476363,False,Ameerpet,15.47
Miyapur,Road No. 5 Jubilee Hills,30,17.4964542,78.3729359,17.430088,78.422995,False,Ameerpet,13.99
Miyapur,S R Nagar,16,17.4964542,78.3729359,17.441659,78.441634,True,,10.6
Miyapur,Secunderabad East,36,17.4964542,78.3729359,17.435789,78.505431,False,Ameerpet,19.59
Miyapur,Secunderabad West,52,17.4964542,78.3729359,17.433718,78.499194,False,Mahatma Gandhi Bus Station,26.82
Miyapur,Stadium,47,17.4964542,78.3729359,17.408538,78.553504,False,Ameerpet,26.32
Miyapur,Sultan Bazaar,41,17.4964542,78.3729359,17.384134,78.483697,False,Mahatma Gandhi Bus Station,20.43
Miyapur,Tarnaka,41,17.4964542,78.3729359,17.428297,78.52856,False,Ameerpet,22.39
Miyapur,Uppal,48,17.4964542,78.3729359,17.400078,78.560251,False,Ameerpet,27.4
Miyapur,Victoria Memorial,45,17.4964542,78.3729359,17.361889,78.543962,True,,26.53
Miyapur,Yousufguda,28,17.4964542,78.3729359,17.435081,78.427292,False,Ameerpet,13.14
Moosapet,Ameerpet,8,17.472162,78.425925,17.435697,78.444603,True,,4.51
Moosapet,Assembly,18,17.472162,78.425925,17.39813,78.470786,True,,9.82
Moosapet,Dr. B. R. Ambedkar Balanagar,2,17.472162,78.425925,17.477586,78.42099,True,,1.13
Moosapet,Begumpet,16,17.472162,78.425925,17.437583,78.456945,False,Ameerpet,6.08
Moosapet,Bharat Nagar,1,17.472162,78.425925,17.464046,78.430048,True,,1.0
Moosapet,Chaitanyapuri,33,17.472162,78.425925,17.368398,78.535855,True,,18.47
Moosapet,Chikkadpally,35,17.472162,78.425925,17.400805,78.494876,False,Mahatma Gandhi Bus Station,15.85
Moosapet,Dilsukhnagar,32,17.472162,78.425925,17.368594,78.525728,True,,17.39
Moosapet,Durgam Cheruvu,29,17.472162,78.425925,17.442854,78.387646,False,Ameerpet,12.14
Moosapet,ESI Hospital,4,17.472162,78.425925,17.447377,78.438352,True,,3.05
Moosapet,Erragadda,3,17.472162,78.425925,17.457235,78.433531,True,,1.84
Moosapet,Gandhi Bhavan,21,17.472162,78.425925,17.38609,78.473099,True,,11.26
Moosapet,Gandhi Hospital,39,17.472162,78.425925,17.425639,78.501872,False,Mahatma Gandhi Bus Station,18.75
Moosapet,HITEC City,30,17.472162,78.425925,17.449025,78.383239,False,Ameerpet,12.97
Moosapet,Habsiguda,33,17.472162,78.425925,17.420218,78.540538,False,Ameerpet,17.16
Moosapet,Irrum Manzil,11,17.472162,78.425925,17.42036,78.456186,True,,6.59
Moosapet,JBS Parade Ground,44,17.472162,78.425925,17.444472,78.497483,False,Ameerpet,21.31
Moosapet,JNTU College,8,17.472162,78.425925,17.498679,78.389015,True,,5.08
Moosapet,Jubilee Hills Check Post,22,17.472162,78.425925,17.42834,78.413688,False,Ameerpet,8.41
Moosapet,KPHB Colony,6,17.472162,78.425925,17.493796,78.401668,True,,3.59
Moosapet,Khairatabad,14,17.472162,78.425925,17.411614,78.460844,True,,7.72
Moosapet,Kukatpally,4,17.472162,78.425925,17.485121,78.411553,True,,2.13
Moosapet,LB Nagar,37,17.472162,78.425925,17.349724,78.547972,True,,21.13
Moosapet,Lakdi Ka Pul,16,17.472162,78.425925,17.403687,78.464591,True,,8.82
Moosapet,Madhapur,26,17.472162,78.425925,17.436879,78.400681,False,Ameerpet,10.25
Moosapet,Madhura Nagar,15,17.472162,78.425925,17.437715,78.44055,False,Ameerpet,5.21
Moosapet,Mahatma Gandhi Bus Station,24,17.472162,78.425925,17.379856,78.485961,True,,12.87
Moosapet,Malakpet,26,17.472162,78.425925,17.377292,78.493831,True,,13.78
Moosapet,Mettuguda,29,17.472162,78.425925,17.435572,78.5196,False,Ameerpet,14.31
Moosapet,Miyapur,10,17.472162,78.425925,17.4964542,78.3729359,True,,6.83
Moosapet,Musarambagh,29,17.472162,78.425925,17.371136,78.511946,True,,15.88
Moosapet,Musheerabad,38,17.472162,78.425925,17.418808,78.499823,False,Mahatma Gandhi Bus Station,17.86
Moosapet,Ngri,35,17.472162,78.425925,17.414859,78.546309,False,Ameerpet,18.31
Moosapet,Nagole,40,17.472162,78.425925,17.39051,78.558659,False,Ameerpet,21.6
Moosapet,Nampally,19,17.472162,78.425925,17.392352,78.470132,True,,10.48
Moosapet,Narayanguda,33,17.472162,78.425925,17.394383,78.489863,False,Mahatma Gandhi Bus Station,14.92
Moosapet,New Market,28,17.472162,78.425925,17.373486,78.502903,True,,14.89
Moosapet,Osmania Medical College,22,17.472162,78.425925,17.382358,78.481073,True,,12.25
Moosapet,Paradise,22,17.472162,78.425925,17.443496,78.486186,False,Ameerpet,9.68
Moosapet,Peddamma Gudi,24,17.472162,78.425925,17.4306,78.408448,False,Ameerpet,9.35
Moosapet,Prakash Nagar,18,17.472162,78.425925,17.445126,78.465903,False,Ameerpet,7.5
Moosapet,Punjagutta,10,17.472162,78.425925,17.428583,78.45115,True,,5.56
Moosapet,RTC Cross Roads,37,17.472162,78.425925,17.407119,78.496553,False,Mahatma Gandhi Bus Station,16.66
Moosapet,Raidurg,34,17.472162,78.425925,17.442274,78.377094,False,Ameerpet,14.42
Moosapet,Rasoolpura,20,17.472162,78.425925,17.443606,78.476363,False,Ameerpet,8.64
Moosapet,Road No. 5 Jubilee Hills,20,17.472162,78.425925,17.430088,78.422995,False,Ameerpet,7.16
Moosapet,S R Nagar,6,17.472162,78.425925,17.441659,78.441634,True,,3.77
Moosapet,Secunderabad East,26,17.472162,78.425925,17.435789,78.505431,False,Ameerpet,12.76
Moosapet,Secunderabad West,42,17.472162,78.425925,17.433718,78.499194,False,Mahatma Gandhi Bus Station,19.99
Moosapet,Stadium,37,17.472162,78.425925,17.408538,78.553504,False,Ameerpet,19.49
Moosapet,Sultan Bazaar,31,17.472162,78.425925,17.384134,78.483697,False,Mahatma Gandhi Bus Station,13.6
Moosapet,Tarnaka,31,17.472162,78.425925,17.428297,78.52856,False,Ameerpet,15.56
Moosapet,Uppal,38,17.472162,78.425925,17.400078,78.560251,False,Ameerpet,20.57
Moosapet,Victoria Memorial,35,17.472162,78.425925,17.361889,78.543962,True,,19.7
Moosapet,Yousufguda,18,17.472162,78.425925,17.435081,78.427292,False,Ameerpet,6.31
Musarambagh,Ameerpet,21,17.371136,78.511946,17.435697,78.444603,True,,11.37
Musarambagh,Assembly,11,17.371136,78.511946,17.39813,78.470786,True,,6.06
Musarambagh,Dr. B. R. Ambedkar Balanagar,31,17.371136,78.511946,17.477586,78.42099,True,,17.01
Musarambagh,Begumpet,29,17.371136,78.511946,17.437583,78.456945,False,Ameerpet,12.94
Musarambagh,Bharat Nagar,28,17.371136,78.511946,17.464046,78.430048,True,,14.88
Musarambagh,Chaitanyapuri,4,17.371136,78.511946,17.368398,78.535855,True,,2.59
Musarambagh,Chikkadpally,16,17.371136,78.511946,17.400805,78.494876,False,Mahatma Gandhi Bus Station,5.99
Musarambagh,Dilsukhnagar,3,17.371136,78.511946,17.368594,78.525728,True,,1.51
Musarambagh,Durgam Cheruvu,42,17.371136,78.511946,17.442854,78.387646,False,Ameerpet,19.0
Musarambagh,ESI Hospital,25,17.371136,78.511946,17.447377,78.438352,True,,12.83
Musarambagh,Erragadda,26,17.371136,78.511946,17.457235,78.433531,True,,14.04
Musarambagh,Gandhi Bhavan,8,17.371136,78.511946,17.38609,78.473099,True,,4.62
Musarambagh,Gandhi Hospital,20,17.371136,78.511946,17.425639,78.501872,False,Mahatma Gandhi Bus Station,8.89
Musarambagh,HITEC City,43,17.371136,78.511946,17.449025,78.383239,False,Ameerpet,19.83
Musarambagh,Habsiguda,46,17.371136,78.511946,17.420218,78.540538,False,Ameerpet,24.02
Musarambagh,Irrum Manzil,18,17.371136,78.511946,17.42036,78.456186,True,,9.29
Musarambagh,JBS Parade Ground,25,17.371136,78.511946,17.444472,78.497483,False,Mahatma Gandhi Bus Station,11.45
Musarambagh,JNTU College,37,17.371136,78.511946,17.498679,78.389015,True,,20.96
Musarambagh,Jubilee Hills Check Post,35,17.371136,78.511946,17.42834,78.413688,False,Ameerpet,15.27
Musarambagh,KPHB Colony,35,17.371136,78.511946,17.493796,78.401668,True,,19.47
Musarambagh,Khairatabad,15,17.371136,78.511946,17.411614,78.460844,True,,8.16
Musarambagh,Kukatpally,33,17.371136,78.511946,17.485121,78.411553,True,,18.01
Musarambagh,LB Nagar,8,17.371136,78.511946,17.349724,78.547972,True,,5.25
Musarambagh,Lakdi Ka Pul,13,17.371136,78.511946,17.403687,78.464591,True,,7.06
Musarambagh,Madhapur,39,17.371136,78.511946,17.436879,78.400681,False,Ameerpet,17.11
Musarambagh,Madhura Nagar,28,17.371136,78.511946,17.437715,78.44055,False,Ameerpet,12.07
Musarambagh,Mahatma Gandhi Bus Station,5,17.371136,78.511946,17.379856,78.485961,True,,3.01
Musarambagh,Malakpet,3,17.371136,78.511946,17.377292,78.493831,True,,2.1
Musarambagh,Mettuguda,42,17.371136,78.511946,17.435572,78.5196,False,Ameerpet,21.17
Musarambagh,Miyapur,39,17.371136,78.511946,17.4964542,78.3729359,True,,22.71
Musarambagh,Moosapet,29,17.371136,78.511946,17.472162,78.425925,True,,15.88
Musarambagh,Musheerabad,19,17.371136,78.511946,17.418808,78.499823,False,Mahatma Gandhi Bus Station,8.0
Musarambagh,Ngri,48,17.371136,78.511946,17.414859,78.546309,False,Ameerpet,25.17
Musarambagh,Nagole,53,17.371136,78.511946,17.39051,78.558659,False,Ameerpet,28.46
Musarambagh,Nampally,10,17.371136,78.511946,17.392352,78.470132,True,,5.4
Musarambagh,Narayanguda,14,17.371136,78.511946,17.394383,78.489863,False,Mahatma Gandhi Bus Station,5.06
Musarambagh,New Market,1,17.371136,78.511946,17.373486,78.502903,True,,0.99
Musarambagh,Osmania Medical College,7,17.371136,78.511946,17.382358,78.481073,True,,3.63
Musarambagh,Paradise,35,17.371136,78.511946,17.443496,78.486186,False,Ameerpet,16.54
Musarambagh,Peddamma Gudi,37,17.371136,78.511946,17.4306,78.408448,False,Ameerpet,16.21
Musarambagh,Prakash Nagar,31,17.371136,78.511946,17.445126,78.465903,False,Ameerpet,14.36
Musarambagh,Punjagutta,19,17.371136,78.511946,17.428583,78.45115,True,,10.32
Musarambagh,RTC Cross Roads,18,17.371136,78.511946,17.407119,78.496553,False,Mahatma Gandhi Bus Station,6.8
Musarambagh,Raidurg,47,17.371136,78.511946,17.442274,78.377094,False,Ameerpet,21.28
Musarambagh,Rasoolpura,33,17.371136,78.511946,17.443606,78.476363,False,Ameerpet,15.5
Musarambagh,Road No. 5 Jubilee Hills,33,17.371136,78.511946,17.430088,78.422995,False,Ameerpet,14.02
Musarambagh,S R Nagar,23,17.371136,78.511946,17.441659,78.441634,True,,12.11
Musarambagh,Secunderabad East,39,17.371136,78.511946,17.435789,78.505431,False,Ameerpet,19.62
Musarambagh,Secunderabad West,23,17.371136,78.511946,17.433718,78.499194,False,Mahatma Gandhi Bus Station,10.13
Musarambagh,Stadium,50,17.371136,78.511946,17.408538,78.553504,False,Ameerpet,26.35
Musarambagh,Sultan Bazaar,12,17.371136,78.511946,17.384134,78.483697,False,Mahatma Gandhi Bus Station,3.74
Musarambagh,Tarnaka,44,17.371136,78.511946,17.428297,78.52856,False,Ameerpet,22.42
Musarambagh,Uppal,51,17.371136,78.511946,17.400078,78.560251,False,Ameerpet,27.43
Musarambagh,Victoria Memorial,6,17.371136,78.511946,17.361889,78.543962,True,,3.82
Musarambagh,Yousufguda,31,17.371136,78.511946,17.435081,78.427292,False,Ameerpet,13.17
Musheerabad,Ameerpet,30,17.418808,78.499823,17.435697,78.444603,False,JBS Parade Ground,13.35
Musheerabad,Assembly,20,17.418808,78.499823,17.39813,78.470786,False,Mahatma Gandhi Bus Station,8.04
Musheerabad,Dr. B. R. Ambedkar Balanagar,40,17.418808,78.499823,17.477586,78.42099,False,Mahatma Gandhi Bus Station,18.99
Musheerabad,Begumpet,19,17.418808,78.499823,17.437583,78.456945,False,JBS Parade Ground,8.25
Musheerabad,Bharat Nagar,37,17.418808,78.499823,17.464046,78.430048,False,Mahatma Gandhi Bus Station,16.86
Musheerabad,Chaitanyapuri,23,17.418808,78.499823,17.368398,78.535855,False,Mahatma Gandhi Bus Station,10.59
Musheerabad,Chikkadpally,3,17.418808,78.499823,17.400805,78.494876,True,,2.01
Musheerabad,Dilsukhnagar,22,17.418808,78.499823,17.368594,78.525728,False,Mahatma Gandhi Bus Station,9.51
Musheerabad,Durgam Cheruvu,38,17.418808,78.499823,17.442854,78.387646,False,JBS Parade Ground,17.45
Musheerabad,ESI Hospital,34,17.418808,78.499823,17.447377,78.438352,False,Mahatma Gandhi Bus Station,14.81
Musheerabad,Erragadda,35,17.418808,78.499823,17.457235,78.433531,False,Mahatma Gandhi Bus Station,16.02
Musheerabad,Gandhi Bhavan,17,17.418808,78.499823,17.38609,78.473099,False,Mahatma Gandhi Bus Station,6.6
Musheerabad,Gandhi Hospital,1,17.418808,78.499823,17.425639,78.501872,True,,0.89
Musheerabad,HITEC City,39,17.418808,78.499823,17.449025,78.383239,False,JBS Parade Ground,18.28
Musheerabad,Habsiguda,20,17.418808,78.499823,17.420218,78.540538,False,JBS Parade Ground,9.73
Musheerabad,Irrum Manzil,27,17.418808,78.499823,17.42036,78.456186,False,Mahatma Gandhi Bus Station,11.27
Musheerabad,JBS Parade Ground,6,17.418808,78.499823,17.444472,78.497483,True,,3.45
Musheerabad,JNTU College,46,17.418808,78.499823,17.498679,78.389015,False,Mahatma Gandhi Bus Station,22.94
Musheerabad,Jubilee Hills Check Post,31,17.418808,78.499823,17.42834,78.413688,False,JBS Parade Ground,13.72
Musheerabad,KPHB Colony,44,17.418808,78.499823,17.493796,78.401668,False,Mahatma Gandhi Bus Station,21.45
Musheerabad,Khairatabad,24,17.418808,78.499823,17.411614,78.460844,False,Mahatma Gandhi Bus Station,10.14
Musheerabad,Kukatpally,42,17.418808,78.499823,17.485121,78.411553,False,Mahatma Gandhi Bus Station,19.99
Musheerabad,LB Nagar,27,17.418808,78.499823,17.349724,78.547972,False,Mahatma Gandhi Bus Station,13.25
Musheerabad,Lakdi Ka Pul,22,17.418808,78.499823,17.403687,78.464591,False,Mahatma Gandhi Bus Station,9.04
Musheerabad,Madhapur,35,17.418808,78.499823,17.436879,78.400681,False,JBS Parade Ground,15.56
Musheerabad,Madhura Nagar,24,17.418808,78.499823,17.437715,78.44055,False,JBS Parade Ground,10.52
Musheerabad,Mahatma Gandhi Bus Station,9,17.418808,78.499823,17.379856,78.485961,True,,4.99
Musheerabad,Malakpet,16,17.418808,78.499823,17.377292,78.493831,False,Mahatma Gandhi Bus Station,5.9
Musheerabad,Mettuguda,16,17.418808,78.499823,17.435572,78.5196,False,JBS Parade Ground,6.88
Musheerabad,Miyapur,48,17.418808,78.499823,17.4964542,78.3729359,False,Mahatma Gandhi Bus Station,24.69
Musheerabad,Moosapet,38,17.418808,78.499823,17.472162,78.425925,False,Mahatma Gandhi Bus Station,17.86
Musheerabad,Musarambagh,19,17.418808,78.499823,17.371136,78.511946,False,Mahatma Gandhi Bus Station,8.0
Musheerabad,Ngri,22,17.418808,78.499823,17.414859,78.546309,False,JBS Parade Ground,10.88
Musheerabad,Nagole,27,17.418808,78.499823,17.39051,78.558659,False,JBS Parade Ground,14.17
Musheerabad,Nampally,19,17.418808,78.499823,17.392352,78.470132,False,Mahatma Gandhi Bus Station,7.38
Musheerabad,Narayanguda,5,17.418808,78.499823,17.394383,78.489863,True,,2.94
Musheerabad,New Market,18,17.418808,78.499823,17.373486,78.502903,False,Mahatma Gandhi Bus Station,7.01
Musheerabad,Osmania Medical College,16,17.418808,78.499823,17.382358,78.481073,False,Mahatma Gandhi Bus Station,5.61
Musheerabad,Paradise,13,17.418808,78.499823,17.443496,78.486186,False,JBS Parade Ground,4.65
Musheerabad,Peddamma Gudi,33,17.418808,78.499823,17.4306,78.408448,False,JBS Parade Ground,14.66
Musheerabad,Prakash Nagar,17,17.418808,78.499823,17.445126,78.465903,False,JBS Parade Ground,6.83
Musheerabad,Punjagutta,28,17.418808,78.499823,17.428583,78.45115,False,Mahatma Gandhi Bus Station,12.3
Musheerabad,RTC Cross Roads,1,17.418808,78.499823,17.407119,78.496553,True,,1.2
Musheerabad,Raidurg,43,17.418808,78.499823,17.442274,78.377094,False,JBS Parade Ground,19.73
Musheerabad,Rasoolpura,15,17.418808,78.499823,17.443606,78.476363,False,JBS Parade Ground,5.69
Musheerabad,Road No. 5 Jubilee Hills,29,17.418808,78.499823,17.430088,78.422995,False,JBS Parade Ground,12.47
Musheerabad,S R Nagar,32,17.418808,78.499823,17.441659,78.441634,False,Mahatma Gandhi Bus Station,14.09
Musheerabad,Secunderabad East,13,17.418808,78.499823,17.435789,78.505431,False,JBS Parade Ground,5.33
Musheerabad,Secunderabad West,4,17.418808,78.499823,17.433718,78.499194,True,,2.13
Musheerabad,Stadium,24,17.418808,78.499823,17.408538,78.553504,False,JBS Parade Ground,12.06
Musheerabad,Sultan Bazaar,7,17.418808,78.499823,17.384134,78.483697,True,,4.26
Musheerabad,Tarnaka,18,17.418808,78.499823,17.428297,78.52856,False,JBS Parade Ground,8.13
Musheerabad,Uppal,25,17.418808,78.499823,17.400078,78.560251,False,JBS Parade Ground,13.14
Musheerabad,Victoria Memorial,25,17.418808,78.499823,17.361889,78.543962,False,Mahatma Gandhi Bus Station,11.82
Musheerabad,Yousufguda,27,17.418808,78.499823,17.435081,78.427292,False,JBS Parade Ground,11.62
Ngri,Ameerpet,22,17.414859,78.546309,17.435697,78.444603,True,,13.8
Ngri,Assembly,37,17.414859,78.546309,17.39813,78.470786,False,Ameerpet,19.11
Ngri,Dr. B. R. Ambedkar Balanagar,37,17.414859,78.546309,17.477586,78.42099,False,Ameerpet,19.44
Ngri,Begumpet,19,17.414859,78.546309,17.437583,78.456945,True,,12.23
Ngri,Bharat Nagar,34,17.414859,78.546309,17.464046,78.430048,False,Ameerpet,17.31
Ngri,Chaitanyapuri,52,17.414859,78.546309,17.368398,78.535855,False,Ameerpet,27.76
Ngri,Chikkadpally,25,17.414859,78.546309,17.400805,78.494876,False,JBS Parade Ground,12.89
Ngri,Dilsukhnagar,51,17.414859,78.546309,17.368594,78.525728,False,Ameerpet,26.68
Ngri,Durgam Cheruvu,38,17.414859,78.546309,17.442854,78.387646,True,,21.43
Ngri,ESI Hospital,31,17.414859,78.546309,17.447377,78.438352,False,Ameerpet,15.26
Ngri,Erragadda,32,17.414859,78.546309,17.457235,78.433531,False,Ameerpet,16.47
Ngri,Gandhi Bhavan,40,17.414859,78.546309,17.38609,78.473099,False,Ameerpet,20.55
Ngri,Gandhi Hospital,21,17.414859,78.546309,17.425639,78.501872,False,JBS Parade Ground,9.99
Ngri,HITEC City,39,17.414859,78.546309,17.449025,78.383239,True,,22.26
Ngri,Habsiguda,2,17.414859,78.546309,17.420218,78.540538,True,,1.15
Ngri,Irrum Manzil,30,17.414859,78.546309,17.42036,78.456186,False,Ameerpet,15.88
Ngri,JBS Parade Ground,11,17.414859,78.546309,17.444472,78.497483,True,,7.43
Ngri,JNTU College,43,17.414859,78.546309,17.498679,78.389015,False,Ameerpet,23.39
Ngri,Jubilee Hills Check Post,31,17.414859,78.546309,17.42834,78.413688,True,,17.7
Ngri,KPHB Colony,41,17.414859,78.546309,17.493796,78.401668,False,Ameerpet,21.9
Ngri,Khairatabad,33,17.414859,78.546309,17.411614,78.460844,False,Ameerpet,17.01
Ngri,Kukatpally,39,17.414859,78.546309,17.485121,78.411553,False,Ameerpet,20.44
Ngri,LB Nagar,56,17.414859,78.546309,17.349724,78.547972,False,Ameerpet,30.42
Ngri,Lakdi Ka Pul,35,17.414859,78.546309,17.403687,78.464591,False,Ameerpet,18.11
Ngri,Madhapur,35,17.414859,78.546309,17.436879,78.400681,True,,19.54
Ngri,Madhura Nagar,24,17.414859,78.546309,17.437715,78.44055,True,,14.5
Ngri,Mahatma Gandhi Bus Station,43,17.414859,78.546309,17.379856,78.485961,False,JBS Parade Ground,22.16
Ngri,Malakpet,45,17.414859,78.546309,17.377292,78.493831,False,Ameerpet,23.07
Ngri,Mettuguda,6,17.414859,78.546309,17.435572,78.5196,True,,4.0
Ngri,Miyapur,45,17.414859,78.546309,17.4964542,78.3729359,False,Ameerpet,25.14
Ngri,Moosapet,35,17.414859,78.546309,17.472162,78.425925,False,Ameerpet,18.31
Ngri,Musarambagh,48,17.414859,78.546309,17.371136,78.511946,False,Ameerpet,25.17
Ngri,Musheerabad,22,17.414859,78.546309,17.418808,78.499823,False,JBS Parade Ground,10.88
Ngri,Nagole,5,17.414859,78.546309,17.39051,78.558659,True,,3.29
Ngri,Nampally,38,17.414859,78.546309,17.392352,78.470132,False,Ameerpet,19.77
Ngri,Narayanguda,27,17.414859,78.546309,17.394383,78.489863,False,JBS Parade Ground,13.82
Ngri,New Market,47,17.414859,78.546309,17.373486,78.502903,False,Ameerpet,24.18
Ngri,Osmania Medical College,41,17.414859,78.546309,17.382358,78.481073,False,Ameerpet,21.54
Ngri,Paradise,13,17.414859,78.546309,17.443496,78.486186,True,,8.63
Ngri,Peddamma Gudi,33,17.414859,78.546309,17.4306,78.408448,True,,18.64
Ngri,Prakash Nagar,17,17.414859,78.546309,17.445126,78.465903,True,,10.81
Ngri,Punjagutta,29,17.414859,78.546309,17.428583,78.45115,False,Ameerpet,14.85
Ngri,RTC Cross Roads,23,17.414859,78.546309,17.407119,78.496553,False,JBS Parade Ground,12.08
Ngri,Raidurg,43,17.414859,78.546309,17.442274,78.377094,True,,23.71
Ngri,Rasoolpura,15,17.414859,78.546309,17.443606,78.476363,True,,9.67
Ngri,Road No. 5 Jubilee Hills,29,17.414859,78.546309,17.430088,78.422995,True,,16.45
Ngri,S R Nagar,29,17.414859,78.546309,17.441659,78.441634,False,Ameerpet,14.54
Ngri,Secunderabad East,9,17.414859,78.546309,17.435789,78.505431,True,,5.55
Ngri,Secunderabad West,18,17.414859,78.546309,17.433718,78.499194,False,JBS Parade Ground,8.75
Ngri,Stadium,2,17.414859,78.546309,17.408538,78.553504,True,,1.18
Ngri,Sultan Bazaar,29,17.414859,78.546309,17.384134,78.483697,False,JBS Parade Ground,15.14
Ngri,Tarnaka,4,17.414859,78.546309,17.428297,78.52856,True,,2.75
Ngri,Uppal,3,17.414859,78.546309,17.400078,78.560251,True,,2.26
Ngri,Victoria Memorial,54,17.414859,78.546309,17.361889,78.543962,False,Ameerpet,28.99
Ngri,Yousufguda,27,17.414859,78.546309,17.435081,78.427292,True,,15.6
Nagole,Ameerpet,27,17.39051,78.558659,17.435697,78.444603,True,,17.09
Nagole,Assembly,42,17.39051,78.558659,17.39813,78.470786,False,Ameerpet,22.4
Nagole,Dr. B. R. Ambedkar Balanagar,42,17.39051,78.558659,17.477586,78.42099,False,Ameerpet,22.73
Nagole,Begumpet,24,17.39051,78.558659,17.437583,78.456945,True,,15.52
Nagole,Bharat Nagar,39,17.39051,78.558659,17.464046,78.430048,False,Ameerpet,20.6
Nagole,Chaitanyapuri,57,17.39051,78.558659,17.368398,78.535855,False,Ameerpet,31.05
Nagole,Chikkadpally,30,17.39051,78.558659,17.400805,78.494876,False,JBS Parade Ground,16.18
Nagole,Dilsukhnagar,56,17.39051,78.558659,17.368594,78.525728,False,Ameerpet,29.97
Nagole,Durgam Cheruvu,43,17.39051,78.558659,17.442854,78.387646,True,,24.72
Nagole,ESI Hospital,36,17.39051,78.558659,17.447377,78.438352,False,Ameerpet,18.55
Nagole,Erragadda,37,17.39051,78.558659,17.457235,78.433531,False,Ameerpet,19.76
Nagole,Gandhi Bhavan,45,17.39051,78.558659,17.38609,78.473099,False,Ameerpet,23.84
Nagole,Gandhi Hospital,26,17.39051,78.558659,17.425639,78.501872,False,JBS Parade Ground,13.28
Nagole,HITEC City,44,17.39051,78.558659,17.449025,78.383239,True,,25.55
Nagole,Habsiguda,7,17.39051,78.558659,17.420218,78.540538,True,,4.44
Nagole,Irrum Manzil,35,17.39051,78.558659,17.42036,78.456186,False,Ameerpet,19.17
Nagole,JBS Parade Ground,16,17.39051,78.558659,17.444472,78.497483,True,,10.72
Nagole,JNTU College,48,17.39051,78.558659,17.498679,78.389015,False,Ameerpet,26.68
Nagole,Jubilee Hills Check Post,36,17.39051,78.558659,17.42834,78.413688,True,,20.99
Nagole,KPHB Colony,46,17.39051,78.558659,17.493796,78.401668,False,Ameerpet,25.19
Nagole,Khairatabad,38,17.39051,78.558659,17.411614,78.460844,False,Ameerpet,20.3
Nagole,Kukatpally,44,17.39051,78.558659,17.485121,78.411553,False,Ameerpet,23.73
Nagole,LB Nagar,61,17.39051,78.558659,17.349724,78.547972,False,Ameerpet,33.71
Nagole,Lakdi Ka Pul,40,17.39051,78.558659,17.403687,78.464591,False,Ameerpet,21.4
Nagole,Madhapur,40,17.39051,78.558659,17.436879,78.400681,True,,22.83
Nagole,Madhura Nagar,29,17.39051,78.558659,17.437715,78.44055,True,,17.79
Nagole,Mahatma Gandhi Bus Station,48,17.39051,78.558659,17.379856,78.485961,False,JBS Parade Ground,25.45
Nagole,Malakpet,50,17.39051,78.558659,17.377292,78.493831,False,Ameerpet,26.36
Nagole,Mettuguda,11,17.39051,78.558659,17.435572,78.5196,True,,7.29
Nagole,Miyapur,50,17.39051,78.558659,17.4964542,78.3729359,False,Ameerpet,28.43
Nagole,Moosapet,40,17.39051,78.558659,17.472162,78.425925,False,Ameerpet,21.6
Nagole,Musarambagh,53,17.39051,78.558659,17.371136,78.511946,False,Ameerpet,28.46
Nagole,Musheerabad,27,17.39051,78.558659,17.418808,78.499823,False,JBS Parade Ground,14.17
Nagole,Ngri,5,17.39051,78.558659,17.414859,78.546309,True,,3.29
Nagole,Nampally,43,17.39051,78.558659,17.392352,78.470132,False,Ameerpet,23.06
Nagole,Narayanguda,32,17.39051,78.558659,17.394383,78.489863,False,JBS Parade Ground,17.11
Nagole,New Market,52,17.39051,78.558659,17.373486,78.502903,False,Ameerpet,27.47
Nagole,Osmania Medical College,46,17.39051,78.558659,17.382358,78.481073,False,Ameerpet,24.83
Nagole,Paradise,18,17.39051,78.558659,17.443496,78.486186,True,,11.92
Nagole,Peddamma Gudi,38,17.39051,78.558659,17.4306,78.408448,True,,21.93
Nagole,Prakash Nagar,22,17.39051,78.558659,17.445126,78.465903,True,,14.1
Nagole,Punjagutta,34,17.39051,78.558659,17.428583,78.45115,False,Ameerpet,18.14
Nagole,RTC Cross Roads,28,17.39051,78.558659,17.407119,78.496553,False,JBS Parade Ground,15.37
Nagole,Raidurg,48,17.39051,78.558659,17.442274,78.377094,True,,27.0
Nagole,Rasoolpura,20,17.39051,78.558659,17.443606,78.476363,True,,12.96
Nagole,Road No. 5 Jubilee Hills,34,17.39051,78.558659,17.430088,78.422995,True,,19.74
Nagole,S R Nagar,34,17.39051,78.558659,17.441659,78.441634,False,Ameerpet,17.83
Nagole,Secunderabad East,14,17.39051,78.558659,17.435789,78.505431,True,,8.84
Nagole,Secunderabad West,23,17.39051,78.558659,17.433718,78.499194,False,JBS Parade Ground,12.04
Nagole,Stadium,3,17.39051,78.558659,17.408538,78.553504,True,,2.11
Nagole,Sultan Bazaar,34,17.39051,78.558659,17.384134,78.483697,False,JBS Parade Ground,18.43
Nagole,Tarnaka,9,17.39051,78.558659,17.428297,78.52856,True,,6.04
Nagole,Uppal,2,17.39051,78.558659,17.400078,78.560251,True,,1.03
Nagole,Victoria Memorial,59,17.39051,78.558659,17.361889,78.543962,False,Ameerpet,32.28
Nagole,Yousufguda,32,17.39051,78.558659,17.435081,78.427292,True,,18.89
Nampally,Ameerpet,11,17.392352,78.470132,17.435697,78.444603,True,,5.97
Nampally,Assembly,1,17.392352,78.470132,17.39813,78.470786,True,,0.66
Nampally,Dr. B. R. Ambedkar Balanagar,21,17.392352,78.470132,17.477586,78.42099,True,,11.61
Nampally,Begumpet,19,17.392352,78.470132,17.437583,78.456945,False,Ameerpet,7.54
Nampally,Bharat Nagar,18,17.392352,78.470132,17.464046,78.430048,True,,9.48
Nampally,Chaitanyapuri,14,17.392352,78.470132,17.368398,78.535855,True,,7.99
Nampally,Chikkadpally,16,17.392352,78.470132,17.400805,78.494876,False,Mahatma Gandhi Bus Station,5.37
Nampally,Dilsukhnagar,13,17.392352,78.470132,17.368594,78.525728,True,,6.91
Nampally,Durgam Cheruvu,32,17.392352,78.470132,17.442854,78.387646,False,Ameerpet,13.6
Nampally,ESI Hospital,15,17.392352,78.470132,17.447377,78.438352,True,,7.43
Nampally,Erragadda,16,17.392352,78.470132,17.457235,78.433531,True,,8.64
Nampally,Gandhi Bhavan,2,17.392352,78.470132,17.38609,78.473099,True,,0.78
Nampally,Gandhi Hospital,20,17.392352,78.470132,17.425639,78.501872,False,Mahatma Gandhi Bus Station,8.27
Nampally,HITEC City,33,17.392352,78.470132,17.449025,78.383239,False,Ameerpet,14.43
Nampally,Habsiguda,36,17.392352,78.470132,17.420218,78.540538,False,Ameerpet,18.62
Nampally,Irrum Manzil,8,17.392352,78.470132,17.42036,78.456186,True,,3.89
Nampally,JBS Parade Ground,25,17.392352,78.470132,17.444472,78.497483,False,Mahatma Gandhi Bus Station,10.83
Nampally,JNTU College,27,17.392352,78.470132,17.498679,78.389015,True,,15.56
Nampally,Jubilee Hills Check Post,25,17.392352,78.470132,17.42834,78.413688,False,Ameerpet,9.87
Nampally,KPHB Colony,25,17.392352,78.470132,17.493796,78.401668,True,,14.07
Nampally,Khairatabad,5,17.392352,78.470132,17.411614,78.460844,True,,2.76
Nampally,Kukatpally,23,17.392352,78.470132,17.485121,78.411553,True,,12.61
Nampally,LB Nagar,18,17.392352,78.470132,17.349724,78.547972,True,,10.65
Nampally,Lakdi Ka Pul,3,17.392352,78.470132,17.403687,78.464591,True,,1.66
Nampally,Madhapur,29,17.392352,78.470132,17.436879,78.400681,False,Ameerpet,11.71
Nampally,Madhura Nagar,18,17.392352,78.470132,17.437715,78.44055,False,Ameerpet,6.67
Nampally,Mahatma Gandhi Bus Station,5,17.392352,78.470132,17.379856,78.485961,True,,2.39
Nampally,Malakpet,7,17.392352,78.470132,17.377292,78.493831,True,,3.3
Nampally,Mettuguda,32,17.392352,78.470132,17.435572,78.5196,False,Ameerpet,15.77
Nampally,Miyapur,29,17.392352,78.470132,17.4964542,78.3729359,True,,17.31
Nampally,Moosapet,19,17.392352,78.470132,17.472162,78.425925,True,,10.48
Nampally,Musarambagh,10,17.392352,78.470132,17.371136,78.511946,True,,5.4
Nampally,Musheerabad,19,17.392352,78.470132,17.418808,78.499823,False,Mahatma Gandhi Bus Station,7.38
Nampally,Ngri,38,17.392352,78.470132,17.414859,78.546309,False,Ameerpet,19.77
Nampally,Nagole,43,17.392352,78.470132,17.39051,78.558659,False,Ameerpet,23.06
Nampally,Narayanguda,14,17.392352,78.470132,17.394383,78.489863,False,Mahatma Gandhi Bus Station,4.44
Nampally,New Market,9,17.392352,78.470132,17.373486,78.502903,True,,4.41
Nampally,Osmania Medical College,3,17.392352,78.470132,17.382358,78.481073,True,,1.77
Nampally,Paradise,25,17.392352,78.470132,17.443496,78.486186,False,Ameerpet,11.14
Nampally,Peddamma Gudi,27,17.392352,78.470132,17.4306,78.408448,False,Ameerpet,10.81
Nampally,Prakash Nagar,21,17.392352,78.470132,17.445126,78.465903,False,Ameerpet,8.96
Nampally,Punjagutta,9,17.392352,78.470132,17.428583,78.45115,True,,4.92
Nampally,RTC Cross Roads,18,17.392352,78.470132,17.407119,78.496553,False,Mahatma Gandhi Bus Station,6.18
Nampally,Raidurg,37,17.392352,78.470132,17.442274,78.377094,False,Ameerpet,15.88
Nampally,Rasoolpura,23,17.392352,78.470132,17.443606,78.476363,False,Ameerpet,10.1
Nampally,Road No. 5 Jubilee Hills,23,17.392352,78.470132,17.430088,78.422995,False,Ameerpet,8.62
Nampally,S R Nagar,13,17.392352,78.470132,17.441659,78.441634,True,,6.71
Nampally,Secunderabad East,29,17.392352,78.470132,17.435789,78.505431,False,Ameerpet,14.22
Nampally,Secunderabad West,23,17.392352,78.470132,17.433718,78.499194,False,Mahatma Gandhi Bus Station,9.51
Nampally,Stadium,40,17.392352,78.470132,17.408538,78.553504,False,Ameerpet,20.95
Nampally,Sultan Bazaar,12,17.392352,78.470132,17.384134,78.483697,False,Mahatma Gandhi Bus Station,3.12
Nampally,Tarnaka,34,17.392352,78.470132,17.428297,78.52856,False,Ameerpet,17.02
Nampally,Uppal,41,17.392352,78.470132,17.400078,78.560251,False,Ameerpet,22.03
Nampally,Victoria Memorial,16,17.392352,78.470132,17.361889,78.543962,True,,9.22
Nampally,Yousufguda,21,17.392352,78.470132,17.435081,78.427292,False,Ameerpet,7.77
Narayanguda,Ameerpet,25,17.394383,78.489863,17.435697,78.444603,False,Mahatma Gandhi Bus Station,10.41
Narayanguda,Assembly,15,17.394383,78.489863,17.39813,78.470786,False,Mahatma Gandhi Bus Station,5.1
Narayanguda,Dr. B. R. Ambedkar Balanagar,35,17.394383,78.489863,17.477586,78.42099,False,Mahatma Gandhi Bus Station,16.05
Narayanguda,Begumpet,24,17.394383,78.489863,17.437583,78.456945,False,JBS Parade Ground,11.19
Narayanguda,Bharat Nagar,32,17.394383,78.489863,17.464046,78.430048,False,Mahatma Gandhi Bus Station,13.92
Narayanguda,Chaitanyapuri,18,17.394383,78.489863,17.368398,78.535855,False,Mahatma Gandhi Bus Station,7.65
Narayanguda,Chikkadpally,2,17.394383,78.489863,17.400805,78.494876,True,,0.93
Narayanguda,Dilsukhnagar,17,17.394383,78.489863,17.368594,78.525728,False,Mahatma Gandhi Bus Station,6.57
Narayanguda,Durgam Cheruvu,43,17.394383,78.489863,17.442854,78.387646,False,JBS Parade Ground,20.39
Narayanguda,ESI Hospital,29,17.394383,78.489863,17.447377,78.438352,False,Mahatma Gandhi Bus Station,11.87
Narayanguda,Erragadda,30,17.394383,78.489863,17.457235,78.433531,False,Mahatma Gandhi Bus Station,13.08
Narayanguda,Gandhi Bhavan,12,17.394383,78.489863,17.38609,78.473099,False,Mahatma Gandhi Bus Station,3.66
Narayanguda,Gandhi Hospital,6,17.394383,78.489863,17.425639,78.501872,True,,3.83
Narayanguda,HITEC City,44,17.394383,78.489863,17.449025,78.383239,False,JBS Parade Ground,21.22
Narayanguda,Habsiguda,25,17.394383,78.489863,17.420218,78.540538,False,JBS Parade Ground,12.67
Narayanguda,Irrum Manzil,22,17.394383,78.489863,17.42036,78.456186,False,Mahatma Gandhi Bus Station,8.33
Narayanguda,JBS Parade Ground,11,17.394383,78.489863,17.444472,78.497483,True,,6.39
Narayanguda,JNTU College,41,17.394383,78.489863,17.498679,78.389015,False,Mahatma Gandhi Bus Station,20.0
Narayanguda,Jubilee Hills Check Post,36,17.394383,78.489863,17.42834,78.413688,False,JBS Parade Ground,16.66
Narayanguda,KPHB Colony,39,17.394383,78.489863,17.493796,78.401668,False,Mahatma Gandhi Bus Station,18.51
Narayanguda,Khairatabad,19,17.394383,78.489863,17.411614,78.460844,False,Mahatma Gandhi Bus Station,7.2
Narayanguda,Kukatpally,37,17.394383,78.489863,17.485121,78.411553,False,Mahatma Gandhi Bus Station,17.05
Narayanguda,LB Nagar,22,17.394383,78.489863,17.349724,78.547972,False,Mahatma Gandhi Bus Station,10.31
Narayanguda,Lakdi Ka Pul,17,17.394383,78.489863,17.403687,78.464591,False,Mahatma Gandhi Bus Station,6.1
Narayanguda,Madhapur,40,17.394383,78.489863,17.436879,78.400681,False,JBS Parade Ground,18.5
Narayanguda,Madhura Nagar,29,17.394383,78.489863,17.437715,78.44055,False,JBS Parade Ground,13.46
Narayanguda,Mahatma Gandhi Bus Station,4,17.394383,78.489863,17.379856,78.485961,True,,2.05
Narayanguda,Malakpet,11,17.394383,78.489863,17.377292,78.493831,False,Mahatma Gandhi Bus Station,2.96
Narayanguda,Mettuguda,21,17.394383,78.489863,17.435572,78.5196,False,JBS Parade Ground,9.82
Narayanguda,Miyapur,43,17.394383,78.489863,17.4964542,78.3729359,False,Mahatma Gandhi Bus Station,21.75
Narayanguda,Moosapet,33,17.394383,78.489863,17.472162,78.425925,False,Mahatma Gandhi Bus Station,14.92
Narayanguda,Musarambagh,14,17.394383,78.489863,17.371136,78.511946,False,Mahatma Gandhi Bus Station,5.06
Narayanguda,Musheerabad,5,17.394383,78.489863,17.418808,78.499823,True,,2.94
Narayanguda,Ngri,27,17.394383,78.489863,17.414859,78.546309,False,JBS Parade Ground,13.82
Narayanguda,Nagole,32,17.394383,78.489863,17.39051,78.558659,False,JBS Parade Ground,17.11
Narayanguda,Nampally,14,17.394383,78.489863,17.392352,78.470132,False,Mahatma Gandhi Bus Station,4.44
Narayanguda,New Market,13,17.394383,78.489863,17.373486,78.502903,False,Mahatma Gandhi Bus Station,4.07
Narayanguda,Osmania Medical College,11,17.394383,78.489863,17.382358,78.481073,False,Mahatma Gandhi Bus Station,2.67
Narayanguda,Paradise,18,17.394383,78.489863,17.443496,78.486186,False,JBS Parade Ground,7.59
Narayanguda,Peddamma Gudi,38,17.394383,78.489863,17.4306,78.408448,False,JBS Parade Ground,17.6
Narayanguda,Prakash Nagar,22,17.394383,78.489863,17.445126,78.465903,False,JBS Parade Ground,9.77
Narayanguda,Punjagutta,23,17.394383,78.489863,17.428583,78.45115,False,Mahatma Gandhi Bus Station,9.36
Narayanguda,RTC Cross Roads,4,17.394383,78.489863,17.407119,78.496553,True,,1.74
Narayanguda,Raidurg,48,17.394383,78.489863,17.442274,78.377094,False,JBS Parade Ground,22.67
Narayanguda,Rasoolpura,20,17.394383,78.489863,17.443606,78.476363,False,JBS Parade Ground,8.63
Narayanguda,Road No. 5 Jubilee Hills,34,17.394383,78.489863,17.430088,78.422995,False,JBS Parade Ground,15.41
Narayanguda,S R Nagar,27,17.394383,78.489863,17.441659,78.441634,False,Mahatma Gandhi Bus Station,11.15
Narayanguda,Secunderabad East,18,17.394383,78.489863,17.435789,78.505431,False,JBS Parade Ground,8.27
Narayanguda,Secunderabad West,9,17.394383,78.489863,17.433718,78.499194,True,,5.07
Narayanguda,Stadium,29,17.394383,78.489863,17.408538,78.553504,False,JBS Parade Ground,15.0
Narayanguda,Sultan Bazaar,2,17.394383,78.489863,17.384134,78.483697,True,,1.32
Narayanguda,Tarnaka,23,17.394383,78.489863,17.428297,78.52856,False,JBS Parade Ground,11.07
Narayanguda,Uppal,30,17.394383,78.489863,17.400078,78.560251,False,JBS Parade Ground,16.08
Narayanguda,Victoria Memorial,20,17.394383,78.489863,17.361889,78.543962,False,Mahatma Gandhi Bus Station,8.88
Narayanguda,Yousufguda,32,17.394383,78.489863,17.435081,78.427292,False,JBS Parade Ground,14.56
New Market,Ameerpet,20,17.373486,78.502903,17.435697,78.444603,True,,10.38
New Market,Assembly,10,17.373486,78.502903,17.39813,78.470786,True,,5.07
New Market,Dr. B. R. Ambedkar Balanagar,30,17.373486,78.502903,17.477586,78.42099,True,,16.02
New Market,Begumpet,28,17.373486,78.502903,17.437583,78.456945,False,Ameerpet,11.95
New Market,Bharat Nagar,27,17.373486,78.502903,17.464046,78.430048,True,,13.89
New Market,Chaitanyapuri,5,17.373486,78.502903,17.368398,78.535855,True,,3.58
New Market,Chikkadpally,15,17.373486,78.502903,17.400805,78.494876,False,Mahatma Gandhi Bus Station,5.0
New Market,Dilsukhnagar,4,17.373486,78.502903,17.368594,78.525728,True,,2.5
New Market,Durgam Cheruvu,41,17.373486,78.502903,17.442854,78.387646,False,Ameerpet,18.01
New Market,ESI Hospital,24,17.373486,78.502903,17.447377,78.438352,True,,11.84
New Market,Erragadda,25,17.373486,78.502903,17.457235,78.433531,True,,13.05
New Market,Gandhi Bhavan,7,17.373486,78.502903,17.38609,78.473099,True,,3.63
New Market,Gandhi Hospital,19,17.373486,78.502903,17.425639,78.501872,False,Mahatma Gandhi Bus Station,7.9
New Market,HITEC City,42,17.373486,78.502903,17.449025,78.383239,False,Ameerpet,18.84
New Market,Habsiguda,45,17.373486,78.502903,17.420218,78.540538,False,Ameerpet,23.03
New Market,Irrum Manzil,17,17.373486,78.502903,17.42036,78.456186,True,,8.3
New Market,JBS Parade Ground,24,17.373486,78.502903,17.444472,78.497483,False,Mahatma Gandhi Bus Station,10.46
New Market,JNTU College,36,17.373486,78.502903,17.498679,78.389015,True,,19.97
New Market,Jubilee Hills Check Post,34,17.373486,78.502903,17.42834,78.413688,False,Ameerpet,14.28
New Market,KPHB Colony,34,17.373486,78.502903,17.493796,78.401668,True,,18.48
New Market,Khairatabad,14,17.373486,78.502903,17.411614,78.460844,True,,7.17
New Market,Kukatpally,32,17.373486,78.502903,17.485121,78.411553,True,,17.02
New Market,LB Nagar,9,17.373486,78.502903,17.349724,78.547972,True,,6.24
New Market,Lakdi Ka Pul,12,17.373486,78.502903,17.403687,78.464591,True,,6.07
New Market,Madhapur,38,17.373486,78.502903,17.436879,78.400681,False,Ameerpet,16.12
New Market,Madhura Nagar,27,17.373486,78.502903,17.437715,78.44055,False,Ameerpet,11.08
New Market,Mahatma Gandhi Bus Station,4,17.373486,78.502903,17.379856,78.485961,True,,2.02
New Market,Malakpet,2,17.373486,78.502903,17.377292,78.493831,True,,1.11
New Market,Mettuguda,41,17.373486,78.502903,17.435572,78.5196,False,Ameerpet,20.18
New Market,Miyapur,38,17.373486,78.502903,17.4964542,78.3729359,True,,21.72
New Market,Moosapet,28,17.373486,78.502903,17.472162,78.425925,True,,14.89
New Market,Musarambagh,1,17.373486,78.502903,17.371136,78.511946,True,,0.99
New Market,Musheerabad,18,17.373486,78.502903,17.418808,78.499823,False,Mahatma Gandhi Bus Station,7.01
New Market,Ngri,47,17.373486,78.502903,17.414859,78.546309,False,Ameerpet,24.18
New Market,Nagole,52,17.373486,78.502903,17.39051,78.558659,False,Ameerpet,27.47
New Market,Nampally,9,17.373486,78.502903,17.392352,78.470132,True,,4.41
New Market,Narayanguda,13,17.373486,78.502903,17.394383,78.489863,False,Mahatma Gandhi Bus Station,4.07
New Market,Osmania Medical College,6,17.373486,78.502903,17.382358,78.481073,True,,2.64
New Market,Paradise,34,17.373486,78.502903,17.443496,78.486186,False,Ameerpet,15.55
New Market,Peddamma Gudi,36,17.373486,78.502903,17.4306,78.408448,False,Ameerpet,15.22
New Market,Prakash Nagar,30,17.373486,78.502903,17.445126,78.465903,False,Ameerpet,13.37
New Market,Punjagutta,18,17.373486,78.502903,17.428583,78.45115,True,,9.33
New Market,RTC Cross Roads,17,17.373486,78.502903,17.407119,78.496553,False,Mahatma Gandhi Bus Station,5.81
New Market,Raidurg,46,17.373486,78.502903,17.442274,78.377094,False,Ameerpet,20.29
New Market,Rasoolpura,32,17.373486,78.502903,17.443606,78.476363,False,Ameerpet,14.51
New Market,Road No. 5 Jubilee Hills,32,17.373486,78.502903,17.430088,78.422995,False,Ameerpet,13.03
New Market,S R Nagar,22,17.373486,78.502903,17.441659,78.441634,True,,11.12
New Market,Secunderabad East,38,17.373486,78.502903,17.435789,78.505431,False,Ameerpet,18.63
New Market,Secunderabad West,22,17.373486,78.502903,17.433718,78.499194,False,Mahatma Gandhi Bus Station,9.14
New Market,Stadium,49,17.373486,78.502903,17.408538,78.553504,False,Ameerpet,25.36
New Market,Sultan Bazaar,11,17.373486,78.502903,17.384134,78.483697,False,Mahatma Gandhi Bus Station,2.75
New Market,Tarnaka,43,17.373486,78.502903,17.428297,78.52856,False,Ameerpet,21.43
New Market,Uppal,50,17.373486,78.502903,17.400078,78.560251,False,Ameerpet,26.44
New Market,Victoria Memorial,7,17.373486,78.502903,17.361889,78.543962,True,,4.81
New Market,Yousufguda,30,17.373486,78.502903,17.435081,78.427292,False,Ameerpet,12.18
Osmania Medical College,Ameerpet,14,17.382358,78.481073,17.435697,78.444603,True,,7.74
Osmania Medical College,Assembly,4,17.382358,78.481073,17.39813,78.470786,True,,2.43
Osmania Medical College,Dr. B. R. Ambedkar Balanagar,24,17.382358,78.481073,17.477586,78.42099,True,,13.38
Osmania Medical College,Begumpet,22,17.382358,78.481073,17.437583,78.456945,False,Ameerpet,9.31
Osmania Medical College,Bharat Nagar,21,17.382358,78.481073,17.464046,78.430048,True,,11.25
Osmania Medical College,Chaitanyapuri,11,17.382358,78.481073,17.368398,78.535855,True,,6.22
Osmania Medical College,Chikkadpally,13,17.382358,78.481073,17.400805,78.494876,False,Mahatma Gandhi Bus Station,3.6
Osmania Medical College,Dilsukhnagar,10,17.382358,78.481073,17.368594,78.525728,True,,5.14
Osmania Medical College,Durgam Cheruvu,35,17.382358,78.481073,17.442854,78.387646,False,Ameerpet,15.37
Osmania Medical College,ESI Hospital,18,17.382358,78.481073,17.447377,78.438352,True,,9.2
Osmania Medical College,Erragadda,19,17.382358,78.481073,17.457235,78.433531,True,,10.41
Osmania Medical College,Gandhi Bhavan,1,17.382358,78.481073,17.38609,78.473099,True,,0.99
Osmania Medical College,Gandhi Hospital,17,17.382358,78.481073,17.425639,78.501872,False,Mahatma Gandhi Bus Station,6.5
Osmania Medical College,HITEC City,36,17.382358,78.481073,17.449025,78.383239,False,Ameerpet,16.2
Osmania Medical College,Habsiguda,39,17.382358,78.481073,17.420218,78.540538,False,Ameerpet,20.39
Osmania Medical College,Irrum Manzil,11,17.382358,78.481073,17.42036,78.456186,True,,5.66
Osmania Medical College,JBS Parade Ground,22,17.382358,78.481073,17.444472,78.497483,False,Mahatma Gandhi Bus Station,9.06
Osmania Medical College,JNTU College,30,17.382358,78.481073,17.498679,78.389015,True,,17.33
Osmania Medical College,Jubilee Hills Check Post,28,17.382358,78.481073,17.42834,78.413688,False,Ameerpet,11.64
Osmania Medical College,KPHB Colony,28,17.382358,78.481073,17.493796,78.401668,True,,15.84
Osmania Medical College,Khairatabad,8,17.382358,78.481073,17.411614,78.460844,True,,4.53
Osmania Medical College,Kukatpally,26,17.382358,78.481073,17.485121,78.411553,True,,14.38
Osmania Medical College,LB Nagar,15,17.382358,78.481073,17.349724,78.547972,True,,8.88
Osmania Medical College,Lakdi Ka Pul,6,17.382358,78.481073,17.403687,78.464591,True,,3.43
Osmania Medical College,Madhapur,32,17.382358,78.481073,17.436879,78.400681,False,Ameerpet,13.48
Osmania Medical College,Madhura Nagar,21,17.382358,78.481073,17.437715,78.44055,False,Ameerpet,8.44
Osmania Medical College,Mahatma Gandhi Bus Station,2,17.382358,78.481073,17.379856,78.485961,True,,0.62
Osmania Medical College,Malakpet,4,17.382358,78.481073,17.377292,78.493831,True,,1.53
Osmania Medical College,Mettuguda,35,17.382358,78.481073,17.435572,78.5196,False,Ameerpet,17.54
Osmania Medical College,Miyapur,32,17.382358,78.481073,17.4964542,78.3729359,True,,19.08
Osmania Medical College,Moosapet,22,17.382358,78.481073,17.472162,78.425925,True,,12.25
Osmania Medical College,Musarambagh,7,17.382358,78.481073,17.371136,78.511946,True,,3.63
Osmania Medical College,Musheerabad,16,17.382358,78.481073,17.418808,78.499823,False,Mahatma Gandhi Bus Station,5.61
Osmania Medical College,Ngri,41,17.382358,78.481073,17.414859,78.546309,False,Ameerpet,21.54
Osmania Medical College,Nagole,46,17.382358,78.481073,17.39051,78.558659,False,Ameerpet,24.83
Osmania Medical College,Nampally,3,17.382358,78.481073,17.392352,78.470132,True,,1.77
Osmania Medical College,Narayanguda,11,17.382358,78.481073,17.394383,78.489863,False,Mahatma Gandhi Bus Station,2.67
Osmania Medical College,New Market,6,17.382358,78.481073,17.373486,78.502903,True,,2.64
Osmania Medical College,Paradise,28,17.382358,78.481073,17.443496,78.486186,False,Ameerpet,12.91
Osmania Medical College,Peddamma Gudi,30,17.382358,78.481073,17.4306,78.408448,False,Ameerpet,12.58
Osmania Medical College,Prakash Nagar,24,17.382358,78.481073,17.445126,78.465903,False,Ameerpet,10.73
Osmania Medical College,Punjagutta,12,17.382358,78.481073,17.428583,78.45115,True,,6.69
Osmania Medical College,RTC Cross Roads,15,17.382358,78.481073,17.407119,78.496553,False,Mahatma Gandhi Bus Station,4.41
Osmania Medical College,Raidurg,40,17.382358,78.481073,17.442274,78.377094,False,Ameerpet,17.65
Osmania Medical College,Rasoolpura,26,17.382358,78.481073,17.443606,78.476363,False,Ameerpet,11.87
Osmania Medical College,Road No. 5 Jubilee Hills,26,17.382358,78.481073,17.430088,78.422995,False,Ameerpet,10.39
Osmania Medical College,S R Nagar,16,17.382358,78.481073,17.441659,78.441634,True,,8.48
Osmania Medical College,Secunderabad East,32,17.382358,78.481073,17.435789,78.505431,False,Ameerpet,15.99
Osmania Medical College,Secunderabad West,20,17.382358,78.481073,17.433718,78.499194,False,Mahatma Gandhi Bus Station,7.74
Osmania Medical College,Stadium,43,17.382358,78.481073,17.408538,78.553504,False,Ameerpet,22.72
Osmania Medical College,Sultan Bazaar,9,17.382358,78.481073,17.384134,78.483697,False,Mahatma Gandhi Bus Station,1.35
Osmania Medical College,Tarnaka,37,17.382358,78.481073,17.428297,78.52856,False,Ameerpet,18.79
Osmania Medical College,Uppal,44,17.382358,78.481073,17.400078,78.560251,False,Ameerpet,23.8
Osmania Medical College,Victoria Memorial,13,17.382358,78.481073,17.361889,78.543962,True,,7.45
Osmania Medical College,Yousufguda,24,17.382358,78.481073,17.435081,78.427292,False,Ameerpet,9.54
Paradise,Ameerpet,9,17.443496,78.486186,17.435697,78.444603,True,,5.17
Paradise,Assembly,24,17.443496,78.486186,17.39813,78.470786,False,Ameerpet,10.48
Paradise,Dr. B. R. Ambedkar Balanagar,24,17.443496,78.486186,17.477586,78.42099,False,Ameerpet,10.81
Paradise,Begumpet,6,17.443496,78.486186,17.437583,78.456945,True,,3.6
Paradise,Bharat Nagar,21,17.443496,78.486186,17.464046,78.430048,False,Ameerpet,8.68
Paradise,Chaitanyapuri,39,17.443496,78.486186,17.368398,78.535855,False,Ameerpet,19.13
Paradise,Chikkadpally,16,17.443496,78.486186,17.400805,78.494876,False,JBS Parade Ground,6.66
Paradise,Dilsukhnagar,38,17.443496,78.486186,17.368594,78.525728,False,Ameerpet,18.05
Paradise,Durgam Cheruvu,25,17.443496,78.486186,17.442854,78.387646,True,,12.8
Paradise,ESI Hospital,18,17.443496,78.486186,17.447377,78.438352,False,Ameerpet,6.63
Paradise,Erragadda,19,17.443496,78.486186,17.457235,78.433531,False,Ameerpet,7.84
Paradise,Gandhi Bhavan,27,17.443496,78.486186,17.38609,78.473099,False,Ameerpet,11.92
Paradise,Gandhi Hospital,12,17.443496,78.486186,17.425639,78.501872,False,JBS Parade Ground,3.76
Paradise,HITEC City,26,17.443496,78.486186,17.449025,78.383239,True,,13.63
Paradise,Habsiguda,11,17.443496,78.486186,17.420218,78.540538,True,,7.48
Paradise,Irrum Manzil,17,17.443496,78.486186,17.42036,78.456186,False,Ameerpet,7.25
Paradise,JBS Parade Ground,2,17.443496,78.486186,17.444472,78.497483,True,,1.2
Paradise,JNTU College,30,17.443496,78.486186,17.498679,78.389015,False,Ameerpet,14.76
Paradise,Jubilee Hills Check Post,18,17.443496,78.486186,17.42834,78.413688,True,,9.07
Paradise,KPHB Colony,28,17.443496,78.486186,17.493796,78.401668,False,Ameerpet,13.27
Paradise,Khairatabad,20,17.443496,78.486186,17.411614,78.460844,False,Ameerpet,8.38
Paradise,Kukatpally,26,17.443496,78.486186,17.485121,78.411553,False,Ameerpet,11.81
Paradise,LB Nagar,43,17.443496,78.486186,17.349724,78.547972,False,Ameerpet,21.79
Paradise,Lakdi Ka Pul,22,17.443496,78.486186,17.403687,78.464591,False,Ameerpet,9.48
Paradise,Madhapur,22,17.443496,78.486186,17.436879,78.400681,True,,10.91
Paradise,Madhura Nagar,11,17.443496,78.486186,17.437715,78.44055,True,,5.87
Paradise,Mahatma Gandhi Bus Station,30,17.443496,78.486186,17.379856,78.485961,False,JBS Parade Ground,13.53
Paradise,Malakpet,32,17.443496,78.486186,17.377292,78.493831,False,Ameerpet,14.44
Paradise,Mettuguda,7,17.443496,78.486186,17.435572,78.5196,True,,4.63
Paradise,Miyapur,32,17.443496,78.486186,17.4964542,78.3729359,False,Ameerpet,16.51
Paradise,Moosapet,22,17.443496,78.486186,17.472162,78.425925,False,Ameerpet,9.68
Paradise,Musarambagh,35,17.443496,78.486186,17.371136,78.511946,False,Ameerpet,16.54
Paradise,Musheerabad,13,17.443496,78.486186,17.418808,78.499823,False,JBS Parade Ground,4.65
Paradise,Ngri,13,17.443496,78.486186,17.414859,78.546309,True,,8.63
Paradise,Nagole,18,17.443496,78.486186,17.39051,78.558659,True,,11.92
Paradise,Nampally,25,17.443496,78.486186,17.392352,78.470132,False,Ameerpet,11.14
Paradise,Narayanguda,18,17.443496,78.486186,17.394383,78.489863,False,JBS Parade Ground,7.59
Paradise,New Market,34,17.443496,78.486186,17.373486,78.502903,False,Ameerpet,15.55
Paradise,Osmania Medical College,28,17.443496,78.486186,17.382358,78.481073,False,Ameerpet,12.91
Paradise,Peddamma Gudi,20,17.443496,78.486186,17.4306,78.408448,True,,10.01
Paradise,Prakash Nagar,4,17.443496,78.486186,17.445126,78.465903,True,,2.18
Paradise,Punjagutta,16,17.443496,78.486186,17.428583,78.45115,False,Ameerpet,6.22
Paradise,RTC Cross Roads,14,17.443496,78.486186,17.407119,78.496553,False,JBS Parade Ground,5.85
Paradise,Raidurg,30,17.443496,78.486186,17.442274,78.377094,True,,15.08
Paradise,Rasoolpura,2,17.443496,78.486186,17.443606,78.476363,True,,1.04
Paradise,Road No. 5 Jubilee Hills,16,17.443496,78.486186,17.430088,78.422995,True,,7.82
Paradise,S R Nagar,16,17.443496,78.486186,17.441659,78.441634,False,Ameerpet,5.91
Paradise,Secunderabad East,4,17.443496,78.486186,17.435789,78.505431,True,,3.08
Paradise,Secunderabad West,9,17.443496,78.486186,17.433718,78.499194,False,JBS Parade Ground,2.52
Paradise,Stadium,15,17.443496,78.486186,17.408538,78.553504,True,,9.81
Paradise,Sultan Bazaar,20,17.443496,78.486186,17.384134,78.483697,False,JBS Parade Ground,8.91
Paradise,Tarnaka,9,17.443496,78.486186,17.428297,78.52856,True,,5.88
Paradise,Uppal,16,17.443496,78.486186,17.400078,78.560251,True,,10.89
Paradise,Victoria Memorial,41,17.443496,78.486186,17.361889,78.543962,False,Ameerpet,20.36
Paradise,Yousufguda,14,17.443496,78.486186,17.435081,78.427292,True,,6.97
Peddamma Gudi,Ameerpet,11,17.4306,78.408448,17.435697,78.444603,True,,4.84
Peddamma Gudi,Assembly,26,17.4306,78.408448,17.39813,78.470786,False,Ameerpet,10.15
Peddamma Gudi,Dr. B. R. Ambedkar Balanagar,26,17.4306,78.408448,17.477586,78.42099,False,Ameerpet,10.48
Peddamma Gudi,Begumpet,14,17.4306,78.408448,17.437583,78.456945,True,,6.41
Peddamma Gudi,Bharat Nagar,23,17.4306,78.408448,17.464046,78.430048,False,Ameerpet,8.35
Peddamma Gudi,Chaitanyapuri,41,17.4306,78.408448,17.368398,78.535855,False,Ameerpet,18.8
Peddamma Gudi,Chikkadpally,36,17.4306,78.408448,17.400805,78.494876,False,JBS Parade Ground,16.67
Peddamma Gudi,Dilsukhnagar,40,17.4306,78.408448,17.368594,78.525728,False,Ameerpet,17.72
Peddamma Gudi,Durgam Cheruvu,5,17.4306,78.408448,17.442854,78.387646,True,,2.79
Peddamma Gudi,ESI Hospital,20,17.4306,78.408448,17.447377,78.438352,False,Ameerpet,6.3
Peddamma Gudi,Erragadda,21,17.4306,78.408448,17.457235,78.433531,False,Ameerpet,7.51
Peddamma Gudi,Gandhi Bhavan,29,17.4306,78.408448,17.38609,78.473099,False,Ameerpet,11.59
Peddamma Gudi,Gandhi Hospital,32,17.4306,78.408448,17.425639,78.501872,False,JBS Parade Ground,13.77
Peddamma Gudi,HITEC City,6,17.4306,78.408448,17.449025,78.383239,True,,3.62
Peddamma Gudi,Habsiguda,31,17.4306,78.408448,17.420218,78.540538,True,,17.49
Peddamma Gudi,Irrum Manzil,19,17.4306,78.408448,17.42036,78.456186,False,Ameerpet,6.92
Peddamma Gudi,JBS Parade Ground,22,17.4306,78.408448,17.444472,78.497483,True,,11.21
Peddamma Gudi,JNTU College,32,17.4306,78.408448,17.498679,78.389015,False,Ameerpet,14.43
Peddamma Gudi,Jubilee Hills Check Post,2,17.4306,78.408448,17.42834,78.413688,True,,0.94
Peddamma Gudi,KPHB Colony,30,17.4306,78.408448,17.493796,78.401668,False,Ameerpet,12.94
Peddamma Gudi,Khairatabad,22,17.4306,78.408448,17.411614,78.460844,False,Ameerpet,8.05
Peddamma Gudi,Kukatpally,28,17.4306,78.408448,17.485121,78.411553,False,Ameerpet,11.48
Peddamma Gudi,LB Nagar,45,17.4306,78.408448,17.349724,78.547972,False,Ameerpet,21.46
Peddamma Gudi,Lakdi Ka Pul,24,17.4306,78.408448,17.403687,78.464591,False,Ameerpet,9.15
Peddamma Gudi,Madhapur,2,17.4306,78.408448,17.436879,78.400681,True,,0.9
Peddamma Gudi,Madhura Nagar,9,17.4306,78.408448,17.437715,78.44055,True,,4.14
Peddamma Gudi,Mahatma Gandhi Bus Station,32,17.4306,78.408448,17.379856,78.485961,False,Ameerpet,13.2
Peddamma Gudi,Malakpet,34,17.4306,78.408448,17.377292,78.493831,False,Ameerpet,14.11
Peddamma Gudi,Mettuguda,27,17.4306,78.408448,17.435572,78.5196,True,,14.64
Peddamma Gudi,Miyapur,34,17.4306,78.408448,17.4964542,78.3729359,False,Ameerpet,16.18
Peddamma Gudi,Moosapet,24,17.4306,78.408448,17.472162,78.425925,False,Ameerpet,9.35
Peddamma Gudi,Musarambagh,37,17.4306,78.408448,17.371136,78.511946,False,Ameerpet,16.21
Peddamma Gudi,Musheerabad,33,17.4306,78.408448,17.418808,78.499823,False,JBS Parade Ground,14.66
Peddamma Gudi,Ngri,33,17.4306,78.408448,17.414859,78.546309,True,,18.64
Peddamma Gudi,Nagole,38,17.4306,78.408448,17.39051,78.558659,True,,21.93
Peddamma Gudi,Nampally,27,17.4306,78.408448,17.392352,78.470132,False,Ameerpet,10.81
Peddamma Gudi,Narayanguda,38,17.4306,78.408448,17.394383,78.489863,False,JBS Parade Ground,17.6
Peddamma Gudi,New Market,36,17.4306,78.408448,17.373486,78.502903,False,Ameerpet,15.22
Peddamma Gudi,Osmania Medical College,30,17.4306,78.408448,17.382358,78.481073,False,Ameerpet,12.58
Peddamma Gudi,Paradise,20,17.4306,78.408448,17.443496,78.486186,True,,10.01
Peddamma Gudi,Prakash Nagar,16,17.4306,78.408448,17.445126,78.465903,True,,7.83
Peddamma Gudi,Punjagutta,18,17.4306,78.408448,17.428583,78.45115,False,Ameerpet,5.89
Peddamma Gudi,RTC Cross Roads,34,17.4306,78.408448,17.407119,78.496553,False,JBS Parade Ground,15.86
Peddamma Gudi,Raidurg,10,17.4306,78.408448,17.442274,78.377094,True,,5.07
Peddamma Gudi,Rasoolpura,18,17.4306,78.408448,17.443606,78.476363,True,,8.97
Peddamma Gudi,Road No. 5 Jubilee Hills,4,17.4306,78.408448,17.430088,78.422995,True,,2.19
Peddamma Gudi,S R Nagar,18,17.4306,78.408448,17.441659,78.441634,False,Ameerpet,5.58
Peddamma Gudi,Secunderabad East,24,17.4306,78.408448,17.435789,78.505431,True,,13.09
Peddamma Gudi,Secunderabad West,29,17.4306,78.408448,17.433718,78.499194,False,JBS Parade Ground,12.53
Peddamma Gudi,Stadium,35,17.4306,78.408448,17.408538,78.553504,True,,19.82
Peddamma Gudi,Sultan Bazaar,40,17.4306,78.408448,17.384134,78.483697,False,JBS Parade Ground,18.92
Peddamma Gudi,Tarnaka,29,17.4306,78.408448,17.428297,78.52856,True,,15.89
Peddamma Gudi,Uppal,36,17.4306,78.408448,17.400078,78.560251,True,,20.9
Peddamma Gudi,Victoria Memorial,43,17.4306,78.408448,17.361889,78.543962,False,Ameerpet,20.03
Peddamma Gudi,Yousufguda,6,17.4306,78.408448,17.435081,78.427292,True,,3.04
Prakash Nagar,Ameerpet,5,17.445126,78.465903,17.435697,78.444603,True,,2.99
Prakash Nagar,Assembly,20,17.445126,78.465903,17.39813,78.470786,False,Ameerpet,8.3
Prakash Nagar,Dr. B. R. Ambedkar Balanagar,20,17.445126,78.465903,17.477586,78.42099,False,Ameerpet,8.63
Prakash Nagar,Begumpet,2,17.445126,78.465903,17.437583,78.456945,True,,1.42
Prakash Nagar,Bharat Nagar,17,17.445126,78.465903,17.464046,78.430048,False,Ameerpet,6.5
Prakash Nagar,Chaitanyapuri,35,17.445126,78.465903,17.368398,78.535855,False,Ameerpet,16.95
Prakash Nagar,Chikkadpally,20,17.445126,78.465903,17.400805,78.494876,False,JBS Parade Ground,8.84
Prakash Nagar,Dilsukhnagar,34,17.445126,78.465903,17.368594,78.525728,False,Ameerpet,15.87
Prakash Nagar,Durgam Cheruvu,21,17.445126,78.465903,17.442854,78.387646,True,,10.62
Prakash Nagar,ESI Hospital,14,17.445126,78.465903,17.447377,78.438352,False,Ameerpet,4.45
Prakash Nagar,Erragadda,15,17.445126,78.465903,17.457235,78.433531,False,Ameerpet,5.66
Prakash Nagar,Gandhi Bhavan,23,17.445126,78.465903,17.38609,78.473099,False,Ameerpet,9.74
Prakash Nagar,Gandhi Hospital,16,17.445126,78.465903,17.425639,78.501872,False,JBS Parade Ground,5.94
Prakash Nagar,HITEC City,22,17.445126,78.465903,17.449025,78.383239,True,,11.45
Prakash Nagar,Habsiguda,15,17.445126,78.465903,17.420218,78.540538,True,,9.66
Prakash Nagar,Irrum Manzil,13,17.445126,78.465903,17.42036,78.456186,False,Ameerpet,5.07
Prakash Nagar,JBS Parade Ground,6,17.445126,78.465903,17.444472,78.497483,True,,3.38
Prakash Nagar,JNTU College,26,17.445126,78.465903,17.498679,78.389015,False,Ameerpet,12.58
Prakash Nagar,Jubilee Hills Check Post,14,17.445126,78.465903,17.42834,78.413688,True,,6.89
Prakash Nagar,KPHB Colony,24,17.445126,78.465903,17.493796,78.401668,False,Ameerpet,11.09
Prakash Nagar,Khairatabad,16,17.445126,78.465903,17.411614,78.460844,False,Ameerpet,6.2
Prakash Nagar,Kukatpally,22,17.445126,78.465903,17.485121,78.411553,False,Ameerpet,9.63
Prakash Nagar,LB Nagar,39,17.445126,78.465903,17.349724,78.547972,False,Ameerpet,19.61
Prakash Nagar,Lakdi Ka Pul,18,17.445126,78.465903,17.403687,78.464591,False,Ameerpet,7.3
Prakash Nagar,Madhapur,18,17.445126,78.465903,17.436879,78.400681,True,,8.73
Prakash Nagar,Madhura Nagar,7,17.445126,78.465903,17.437715,78.44055,True,,3.69
Prakash Nagar,Mahatma Gandhi Bus Station,26,17.445126,78.465903,17.379856,78.485961,False,Ameerpet,11.35
Prakash Nagar,Malakpet,28,17.445126,78.465903,17.377292,78.493831,False,Ameerpet,12.26
Prakash Nagar,Mettuguda,11,17.445126,78.465903,17.435572,78.5196,True,,6.81
Prakash Nagar,Miyapur,28,17.445126,78.465903,17.4964542,78.3729359,False,Ameerpet,14.33
Prakash Nagar,Moosapet,18,17.445126,78.465903,17.472162,78.425925,False,Ameerpet,7.5
Prakash Nagar,Musarambagh,31,17.445126,78.465903,17.371136,78.511946,False,Ameerpet,14.36
Prakash Nagar,Musheerabad,17,17.445126,78.465903,17.418808,78.499823,False,JBS Parade Ground,6.83
Prakash Nagar,Ngri,17,17.445126,78.465903,17.414859,78.546309,True,,10.81
Prakash Nagar,Nagole,22,17.445126,78.465903,17.39051,78.558659,True,,14.1
Prakash Nagar,Nampally,21,17.445126,78.465903,17.392352,78.470132,False,Ameerpet,8.96
Prakash Nagar,Narayanguda,22,17.445126,78.465903,17.394383,78.489863,False,JBS Parade Ground,9.77
Prakash Nagar,New Market,30,17.445126,78.465903,17.373486,78.502903,False,Ameerpet,13.37
Prakash Nagar,Osmania Medical College,24,17.445126,78.465903,17.382358,78.481073,False,Ameerpet,10.73
Prakash Nagar,Paradise,4,17.445126,78.465903,17.443496,78.486186,True,,2.18
Prakash Nagar,Peddamma Gudi,16,17.445126,78.465903,17.4306,78.408448,True,,7.83
Prakash Nagar,Punjagutta,12,17.445126,78.465903,17.428583,78.45115,False,Ameerpet,4.04
Prakash Nagar,RTC Cross Roads,18,17.445126,78.465903,17.407119,78.496553,False,JBS Parade Ground,8.03
Prakash Nagar,Raidurg,26,17.445126,78.465903,17.442274,78.377094,True,,12.9
Prakash Nagar,Rasoolpura,2,17.445126,78.465903,17.443606,78.476363,True,,1.14
Prakash Nagar,Road No. 5 Jubilee Hills,12,17.445126,78.465903,17.430088,78.422995,True,,5.64
Prakash Nagar,S R Nagar,12,17.445126,78.465903,17.441659,78.441634,False,Ameerpet,3.73
Prakash Nagar,Secunderabad East,8,17.445126,78.465903,17.435789,78.505431,True,,5.26
Prakash Nagar,Secunderabad West,13,17.445126,78.465903,17.433718,78.499194,False,JBS Parade Ground,4.7
Prakash Nagar,Stadium,19,17.445126,78.465903,17.408538,78.553504,True,,11.99
Prakash Nagar,Sultan Bazaar,24,17.445126,78.465903,17.384134,78.483697,False,JBS Parade Ground,11.09
Prakash Nagar,Tarnaka,13,17.445126,78.465903,17.428297,78.52856,True,,8.06
Prakash Nagar,Uppal,20,17.445126,78.465903,17.400078,78.560251,True,,13.07
Prakash Nagar,Victoria Memorial,37,17.445126,78.465903,17.361889,78.543962,False,Ameerpet,18.18
Prakash Nagar,Yousufguda,10,17.445126,78.465903,17.435081,78.427292,True,,4.79
Punjagutta,Ameerpet,2,17.428583,78.45115,17.435697,78.444603,True,,1.05
Punjagutta,Assembly,8,17.428583,78.45115,17.39813,78.470786,True,,4.26
Punjagutta,Dr. B. R. Ambedkar Balanagar,12,17.428583,78.45115,17.477586,78.42099,True,,6.69
Punjagutta,Begumpet,10,17.428583,78.45115,17.437583,78.456945,False,Ameerpet,2.62
Punjagutta,Bharat Nagar,9,17.428583,78.45115,17.464046,78.430048,True,,4.56
Punjagutta,Chaitanyapuri,23,17.428583,78.45115,17.368398,78.535855,True,,12.91
Punjagutta,Chikkadpally,25,17.428583,78.45115,17.400805,78.494876,False,Mahatma Gandhi Bus Station,10.29
Punjagutta,Dilsukhnagar,22,17.428583,78.45115,17.368594,78.525728,True,,11.83
Punjagutta,Durgam Cheruvu,23,17.428583,78.45115,17.442854,78.387646,False,Ameerpet,8.68
Punjagutta,ESI Hospital,6,17.428583,78.45115,17.447377,78.438352,True,,2.51
Punjagutta,Erragadda,7,17.428583,78.45115,17.457235,78.433531,True,,3.72
Punjagutta,Gandhi Bhavan,11,17.428583,78.45115,17.38609,78.473099,True,,5.7
Punjagutta,Gandhi Hospital,29,17.428583,78.45115,17.425639,78.501872,False,Mahatma Gandhi Bus Station,13.19
Punjagutta,HITEC City,24,17.428583,78.45115,17.449025,78.383239,False,Ameerpet,9.51
Punjagutta,Habsiguda,27,17.428583,78.45115,17.420218,78.540538,False,Ameerpet,13.7
Punjagutta,Irrum Manzil,1,17.428583,78.45115,17.42036,78.456186,True,,1.03
Punjagutta,JBS Parade Ground,34,17.428583,78.45115,17.444472,78.497483,False,Ameerpet,15.75
Punjagutta,JNTU College,18,17.428583,78.45115,17.498679,78.389015,True,,10.64
Punjagutta,Jubilee Hills Check Post,16,17.428583,78.45115,17.42834,78.413688,False,Ameerpet,4.95
Punjagutta,KPHB Colony,16,17.428583,78.45115,17.493796,78.401668,True,,9.15
Punjagutta,Khairatabad,4,17.428583,78.45115,17.411614,78.460844,True,,2.16
Punjagutta,Kukatpally,14,17.428583,78.45115,17.485121,78.411553,True,,7.69
Punjagutta,LB Nagar,27,17.428583,78.45115,17.349724,78.547972,True,,15.57
Punjagutta,Lakdi Ka Pul,6,17.428583,78.45115,17.403687,78.464591,True,,3.26
Punjagutta,Madhapur,20,17.428583,78.45115,17.436879,78.400681,False,Ameerpet,6.79
Punjagutta,Madhura Nagar,9,17.428583,78.45115,17.437715,78.44055,False,Ameerpet,1.75
Punjagutta,Mahatma Gandhi Bus Station,14,17.428583,78.45115,17.379856,78.485961,True,,7.31
Punjagutta,Malakpet,16,17.428583,78.45115,17.377292,78.493831,True,,8.22
Punjagutta,Mettuguda,23,17.428583,78.45115,17.435572,78.5196,False,Ameerpet,10.85
Punjagutta,Miyapur,20,17.428583,78.45115,17.4964542,78.3729359,True,,12.39
Punjagutta,Moosapet,10,17.428583,78.45115,17.472162,78.425925,True,,5.56
Punjagutta,Musarambagh,19,17.428583,78.45115,17.371136,78.511946,True,,10.32
Punjagutta,Musheerabad,28,17.428583,78.45115,17.418808,78.499823,False,Mahatma Gandhi Bus Station,12.3
Punjagutta,Ngri,29,17.428583,78.45115,17.414859,78.546309,False,Ameerpet,14.85
Punjagutta,Nagole,34,17.428583,78.45115,17.39051,78.558659,False,Ameerpet,18.14
Punjagutta,Nampally,9,17.428583,78.45115,17.392352,78.470132,True,,4.92
Punjagutta,Narayanguda,23,17.428583,78.45115,17.394383,78.489863,False,Mahatma Gandhi Bus Station,9.36
Punjagutta,New Market,18,17.428583,78.45115,17.373486,78.502903,True,,9.33
Punjagutta,Osmania Medical College,12,17.428583,78.45115,17.382358,78.481073,True,,6.69
Punjagutta,Paradise,16,17.428583,78.45115,17.443496,78.486186,False,Ameerpet,6.22
Punjagutta,Peddamma Gudi,18,17.428583,78.45115,17.4306,78.408448,False,Ameerpet,5.89
Punjagutta,Prakash Nagar,12,17.428583,78.45115,17.445126,78.465903,False,Ameerpet,4.04
Punjagutta,RTC Cross Roads,27,17.428583,78.45115,17.407119,78.496553,False,Mahatma Gandhi Bus Station,11.1
Punjagutta,Raidurg,28,17.428583,78.45115,17.442274,78.377094,False,Ameerpet,10.96
Punjagutta,Rasoolpura,14,17.428583,78.45115,17.443606,78.476363,False,Ameerpet,5.18
Punjagutta,Road No. 5 Jubilee Hills,14,17.428583,78.45115,17.430088,78.422995,False,Ameerpet,3.7
Punjagutta,S R Nagar,4,17.428583,78.45115,17.441659,78.441634,True,,1.79
Punjagutta,Secunderabad East,20,17.428583,78.45115,17.435789,78.505431,False,Ameerpet,9.3
Punjagutta,Secunderabad West,32,17.428583,78.45115,17.433718,78.499194,False,Mahatma Gandhi Bus Station,14.43
Punjagutta,Stadium,31,17.428583,78.45115,17.408538,78.553504,False,Ameerpet,16.03
Punjagutta,Sultan Bazaar,21,17.428583,78.45115,17.384134,78.483697,False,Mahatma Gandhi Bus Station,8.04
Punjagutta,Tarnaka,25,17.428583,78.45115,17.428297,78.52856,False,Ameerpet,12.1
Punjagutta,Uppal,32,17.428583,78.45115,17.400078,78.560251,False,Ameerpet,17.11
Punjagutta,Victoria Memorial,25,17.428583,78.45115,17.361889,78.543962,True,,14.14
Punjagutta,Yousufguda,12,17.428583,78.45115,17.435081,78.427292,False,Ameerpet,2.85
RTC Cross Roads,Ameerpet,29,17.407119,78.496553,17.435697,78.444603,False,JBS Parade Ground,12.15
RTC Cross Roads,Assembly,19,17.407119,78.496553,17.39813,78.470786,False,Mahatma Gandhi Bus Station,6.84
RTC Cross Roads,Dr. B. R. Ambedkar Balanagar,39,17.407119,78.496553,17.477586,78.42099,False,Mahatma Gandhi Bus Station,17.79
RTC Cross Roads,Begumpet,20,17.407119,78.496553,17.437583,78.456945,False,JBS Parade Ground,9.45
RTC Cross Roads,Bharat Nagar,36,17.407119,78.496553,17.464046,78.430048,False,Mahatma Gandhi Bus Station,15.66
RTC Cross Roads,Chaitanyapuri,22,17.407119,78.496553,17.368398,78.535855,False,Mahatma Gandhi Bus Station,9.39
RTC Cross Roads,Chikkadpally,2,17.407119,78.496553,17.400805,78.494876,True,,0.81
RTC Cross Roads,Dilsukhnagar,21,17.407119,78.496553,17.368594,78.525728,False,Mahatma Gandhi Bus Station,8.31
RTC Cross Roads,Durgam Cheruvu,39,17.407119,78.496553,17.442854,78.387646,False,JBS Parade Ground,18.65
RTC Cross Roads,ESI Hospital,33,17.407119,78.496553,17.447377,78.438352,False,Mahatma Gandhi Bus Station,13.61
RTC Cross Roads,Erragadda,34,17.407119,78.496553,17.457235,78.433531,False,Mahatma Gandhi Bus Station,14.82
RTC Cross Roads,Gandhi Bhavan,16,17.407119,78.496553,17.38609,78.473099,False,Mahatma Gandhi Bus Station,5.4
RTC Cross Roads,Gandhi Hospital,2,17.407119,78.496553,17.425639,78.501872,True,,2.09
RTC Cross Roads,HITEC City,40,17.407119,78.496553,17.449025,78.383239,False,JBS Parade Ground,19.48
RTC Cross Roads,Habsiguda,21,17.407119,78.496553,17.420218,78.540538,False,JBS Parade Ground,10.93
RTC Cross Roads,Irrum Manzil,26,17.407119,78.496553,17.42036,78.456186,False,Mahatma Gandhi Bus Station,10.07
RTC Cross Roads,JBS Parade Ground,7,17.407119,78.496553,17.444472,78.497483,True,,4.65
RTC Cross Roads,JNTU College,45,17.407119,78.496553,17.498679,78.389015,False,Mahatma Gandhi Bus Station,21.74
RTC Cross Roads,Jubilee Hills Check Post,32,17.407119,78.496553,17.42834,78.413688,False,JBS Parade Ground,14.92
RTC Cross Roads,KPHB Colony,43,17.407119,78.496553,17.493796,78.401668,False,Mahatma Gandhi Bus Station,20.25
RTC Cross Roads,Khairatabad,23,17.407119,78.496553,17.411614,78.460844,False,Mahatma Gandhi Bus Station,8.94
RTC Cross Roads,Kukatpally,41,17.407119,78.496553,17.485121,78.411553,False,Mahatma Gandhi Bus Station,18.79
RTC Cross Roads,LB Nagar,26,17.407119,78.496553,17.349724,78.547972,False,Mahatma Gandhi Bus Station,12.05
RTC Cross Roads,Lakdi Ka Pul,21,17.407119,78.496553,17.403687,78.464591,False,Mahatma Gandhi Bus Station,7.84
RTC Cross Roads,Madhapur,36,17.407119,78.496553,17.436879,78.400681,False,JBS Parade Ground,16.76
RTC Cross Roads,Madhura Nagar,25,17.407119,78.496553,17.437715,78.44055,False,JBS Parade Ground,11.72
RTC Cross Roads,Mahatma Gandhi Bus Station,8,17.407119,78.496553,17.379856,78.485961,True,,3.79
RTC Cross Roads,Malakpet,15,17.407119,78.496553,17.377292,78.493831,False,Mahatma Gandhi Bus Station,4.7
RTC Cross Roads,Mettuguda,17,17.407119,78.496553,17.435572,78.5196,False,JBS Parade Ground,8.08
RTC Cross Roads,Miyapur,47,17.407119,78.496553,17.4964542,78.3729359,False,Mahatma Gandhi Bus Station,23.49
RTC Cross Roads,Moosapet,37,17.407119,78.496553,17.472162,78.425925,False,Mahatma Gandhi Bus Station,16.66
RTC Cross Roads,Musarambagh,18,17.407119,78.496553,17.371136,78.511946,False,Mahatma Gandhi Bus Station,6.8
RTC Cross Roads,Musheerabad,1,17.407119,78.496553,17.418808,78.499823,True,,1.2
RTC Cross Roads,Ngri,23,17.407119,78.496553,17.414859,78.546309,False,JBS Parade Ground,12.08
RTC Cross Roads,Nagole,28,17.407119,78.496553,17.39051,78.558659,False,JBS Parade Ground,15.37
RTC Cross Roads,Nampally,18,17.407119,78.496553,17.392352,78.470132,False,Mahatma Gandhi Bus Station,6.18
RTC Cross Roads,Narayanguda,4,17.407119,78.496553,17.394383,78.489863,True,,1.74
RTC Cross Roads,New Market,17,17.407119,78.496553,17.373486,78.502903,False,Mahatma Gandhi Bus Station,5.81
RTC Cross Roads,Osmania Medical College,15,17.407119,78.496553,17.382358,78.481073,False,Mahatma Gandhi Bus Station,4.41
RTC Cross Roads,Paradise,14,17.407119,78.496553,17.443496,78.486186,False,JBS Parade Ground,5.85
RTC Cross Roads,Peddamma Gudi,34,17.407119,78.496553,17.4306,78.408448,False,JBS Parade Ground,15.86
RTC Cross Roads,Prakash Nagar,18,17.407119,78.496553,17.445126,78.465903,False,JBS Parade Ground,8.03
RTC Cross Roads,Punjagutta,27,17.407119,78.496553,17.428583,78.45115,False,Mahatma Gandhi Bus Station,11.1
RTC Cross Roads,Raidurg,44,17.407119,78.496553,17.442274,78.377094,False,JBS Parade Ground,20.93
RTC Cross Roads,Rasoolpura,16,17.407119,78.496553,17.443606,78.476363,False,JBS Parade Ground,6.89
RTC Cross Roads,Road No. 5 Jubilee Hills,30,17.407119,78.496553,17.430088,78.422995,False,JBS Parade Ground,13.67
RTC Cross Roads,S R Nagar,31,17.407119,78.496553,17.441659,78.441634,False,Mahatma Gandhi Bus Station,12.89
RTC Cross Roads,Secunderabad East,14,17.407119,78.496553,17.435789,78.505431,False,JBS Parade Ground,6.53
RTC Cross Roads,Secunderabad West,5,17.407119,78.496553,17.433718,78.499194,True,,3.33
RTC Cross Roads,Stadium,25,17.407119,78.496553,17.408538,78.553504,False,JBS Parade Ground,13.26
RTC Cross Roads,Sultan Bazaar,6,17.407119,78.496553,17.384134,78.483697,True,,3.06
RTC Cross Roads,Tarnaka,19,17.407119,78.496553,17.428297,78.52856,False,JBS Parade Ground,9.33
RTC Cross Roads,Uppal,26,17.407119,78.496553,17.400078,78.560251,False,JBS Parade Ground,14.34
RTC Cross Roads,Victoria Memorial,24,17.407119,78.496553,17.361889,78.543962,False,Mahatma Gandhi Bus Station,10.62
RTC Cross Roads,Yousufguda,28,17.407119,78.496553,17.435081,78.427292,False,JBS Parade Ground,12.82
Raidurg,Ameerpet,21,17.442274,78.377094,17.435697,78.444603,True,,9.91
Raidurg,Assembly,36,17.442274,78.377094,17.39813,78.470786,False,Ameerpet,15.22
Raidurg,Dr. B. R. Ambedkar Balanagar,36,17.442274,78.377094,17.477586,78.42099,False,Ameerpet,15.55
Raidurg,Begumpet,24,17.442274,78.377094,17.437583,78.456945,True,,11.48
Raidurg,Bharat Nagar,33,17.442274,78.377094,17.464046,78.430048,False,Ameerpet,13.42
Raidurg,Chaitanyapuri,51,17.442274,78.377094,17.368398,78.535855,False,Ameerpet,23.87
Raidurg,Chikkadpally,46,17.442274,78.377094,17.400805,78.494876,False,JBS Parade Ground,21.74
Raidurg,Dilsukhnagar,50,17.442274,78.377094,17.368594,78.525728,False,Ameerpet,22.79
Raidurg,Durgam Cheruvu,5,17.442274,78.377094,17.442854,78.387646,True,,2.28
Raidurg,ESI Hospital,30,17.442274,78.377094,17.447377,78.438352,False,Ameerpet,11.37
Raidurg,Erragadda,31,17.442274,78.377094,17.457235,78.433531,False,Ameerpet,12.58
Raidurg,Gandhi Bhavan,39,17.442274,78.377094,17.38609,78.473099,False,Ameerpet,16.66
Raidurg,Gandhi Hospital,42,17.442274,78.377094,17.425639,78.501872,False,JBS Parade Ground,18.84
Raidurg,HITEC City,4,17.442274,78.377094,17.449025,78.383239,True,,1.45
Raidurg,Habsiguda,41,17.442274,78.377094,17.420218,78.540538,True,,22.56
Raidurg,Irrum Manzil,29,17.442274,78.377094,17.42036,78.456186,False,Ameerpet,11.99
Raidurg,JBS Parade Ground,32,17.442274,78.377094,17.444472,78.497483,True,,16.28
Raidurg,JNTU College,42,17.442274,78.377094,17.498679,78.389015,False,Ameerpet,19.5
Raidurg,Jubilee Hills Check Post,12,17.442274,78.377094,17.42834,78.413688,True,,6.01
Raidurg,KPHB Colony,40,17.442274,78.377094,17.493796,78.401668,False,Ameerpet,18.01
Raidurg,Khairatabad,32,17.442274,78.377094,17.411614,78.460844,False,Ameerpet,13.12
Raidurg,Kukatpally,38,17.442274,78.377094,17.485121,78.411553,False,Ameerpet,16.55
Raidurg,LB Nagar,55,17.442274,78.377094,17.349724,78.547972,False,Ameerpet,26.53
Raidurg,Lakdi Ka Pul,34,17.442274,78.377094,17.403687,78.464591,False,Ameerpet,14.22
Raidurg,Madhapur,8,17.442274,78.377094,17.436879,78.400681,True,,4.17
Raidurg,Madhura Nagar,19,17.442274,78.377094,17.437715,78.44055,True,,9.21
Raidurg,Mahatma Gandhi Bus Station,42,17.442274,78.377094,17.379856,78.485961,False,Ameerpet,18.27
Raidurg,Malakpet,44,17.442274,78.377094,17.377292,78.493831,False,Ameerpet,19.18
Raidurg,Mettuguda,37,17.442274,78.377094,17.435572,78.5196,True,,19.71
Raidurg,Miyapur,44,17.442274,78.377094,17.4964542,78.3729359,False,Ameerpet,21.25
Raidurg,Moosapet,34,17.442274,78.377094,17.472162,78.425925,False,Ameerpet,14.42
Raidurg,Musarambagh,47,17.442274,78.377094,17.371136,78.511946,False,Ameerpet,21.28
Raidurg,Musheerabad,43,17.442274,78.377094,17.418808,78.499823,False,JBS Parade Ground,19.73
Raidurg,Ngri,43,17.442274,78.377094,17.414859,78.546309,True,,23.71
Raidurg,Nagole,48,17.442274,78.377094,17.39051,78.558659,True,,27.0
Raidurg,Nampally,37,17.442274,78.377094,17.392352,78.470132,False,Ameerpet,15.88
Raidurg,Narayanguda,48,17.442274,78.377094,17.394383,78.489863,False,JBS Parade Ground,22.67
Raidurg,New Market,46,17.442274,78.377094,17.373486,78.502903,False,Ameerpet,20.29
Raidurg,Osmania Medical College,40,17.442274,78.377094,17.382358,78.481073,False,Ameerpet,17.65
Raidurg,Paradise,30,17.442274,78.377094,17.443496,78.486186,True,,15.08
Raidurg,Peddamma Gudi,10,17.442274,78.377094,17.4306,78.408448,True,,5.07
Raidurg,Prakash Nagar,26,17.442274,78.377094,17.445126,78.465903,True,,12.9
Raidurg,Punjagutta,28,17.442274,78.377094,17.428583,78.45115,False,Ameerpet,10.96
Raidurg,RTC Cross Roads,44,17.442274,78.377094,17.407119,78.496553,False,JBS Parade Ground,20.93
Raidurg,Rasoolpura,28,17.442274,78.377094,17.443606,78.476363,True,,14.04
Raidurg,Road No. 5 Jubilee Hills,14,17.442274,78.377094,17.430088,78.422995,True,,7.26
Raidurg,S R Nagar,28,17.442274,78.377094,17.441659,78.441634,False,Ameerpet,10.65
Raidurg,Secunderabad East,34,17.442274,78.377094,17.435789,78.505431,True,,18.16
Raidurg,Secunderabad West,39,17.442274,78.377094,17.433718,78.499194,False,JBS Parade Ground,17.6
Raidurg,Stadium,45,17.442274,78.377094,17.408538,78.553504,True,,24.89
Raidurg,Sultan Bazaar,50,17.442274,78.377094,17.384134,78.483697,False,JBS Parade Ground,23.99
Raidurg,Tarnaka,39,17.442274,78.377094,17.428297,78.52856,True,,20.96
Raidurg,Uppal,46,17.442274,78.377094,17.400078,78.560251,True,,25.97
Raidurg,Victoria Memorial,53,17.442274,78.377094,17.361889,78.543962,False,Ameerpet,25.1
Raidurg,Yousufguda,16,17.442274,78.377094,17.435081,78.427292,True,,8.11
Rasoolpura,Ameerpet,7,17.443606,78.476363,17.435697,78.444603,True,,4.13
Rasoolpura,Assembly,22,17.443606,78.476363,17.39813,78.470786,False,Ameerpet,9.44
Rasoolpura,Dr. B. R. Ambedkar Balanagar,22,17.443606,78.476363,17.477586,78.42099,False,Ameerpet,9.77
Rasoolpura,Begumpet,4,17.443606,78.476363,17.437583,78.456945,True,,2.56
Rasoolpura,Bharat Nagar,19,17.443606,78.476363,17.464046,78.430048,False,Ameerpet,7.64
Rasoolpura,Chaitanyapuri,37,17.443606,78.476363,17.368398,78.535855,False,Ameerpet,18.09
Rasoolpura,Chikkadpally,18,17.443606,78.476363,17.400805,78.494876,False,JBS Parade Ground,7.7
Rasoolpura,Dilsukhnagar,36,17.443606,78.476363,17.368594,78.525728,False,Ameerpet,17.01
Rasoolpura,Durgam Cheruvu,23,17.443606,78.476363,17.442854,78.387646,True,,11.76
Rasoolpura,ESI Hospital,16,17.443606,78.476363,17.447377,78.438352,False,Ameerpet,5.59
Rasoolpura,Erragadda,17,17.443606,78.476363,17.457235,78.433531,False,Ameerpet,6.8
Rasoolpura,Gandhi Bhavan,25,17.443606,78.476363,17.38609,78.473099,False,Ameerpet,10.88
Rasoolpura,Gandhi Hospital,14,17.443606,78.476363,17.425639,78.501872,False,JBS Parade Ground,4.8
Rasoolpura,HITEC City,24,17.443606,78.476363,17.449025,78.383239,True,,12.59
Rasoolpura,Habsiguda,13,17.443606,78.476363,17.420218,78.540538,True,,8.52
Rasoolpura,Irrum Manzil,15,17.443606,78.476363,17.42036,78.456186,False,Ameerpet,6.21
Rasoolpura,JBS Parade Ground,4,17.443606,78.476363,17.444472,78.497483,True,,2.24
Rasoolpura,JNTU College,28,17.443606,78.476363,17.498679,78.389015,False,Ameerpet,13.72
Rasoolpura,Jubilee Hills Check Post,16,17.443606,78.476363,17.42834,78.413688,True,,8.03
Rasoolpura,KPHB Colony,26,17.443606,78.476363,17.493796,78.401668,False,Ameerpet,12.23
Rasoolpura,Khairatabad,18,17.443606,78.476363,17.411614,78.460844,False,Ameerpet,7.34
Rasoolpura,Kukatpally,24,17.443606,78.476363,17.485121,78.411553,False,Ameerpet,10.77
Rasoolpura,LB Nagar,41,17.443606,78.476363,17.349724,78.547972,False,Ameerpet,20.75
Rasoolpura,Lakdi Ka Pul,20,17.443606,78.476363,17.403687,78.464591,False,Ameerpet,8.44
Rasoolpura,Madhapur,20,17.443606,78.476363,17.436879,78.400681,True,,9.87
Rasoolpura,Madhura Nagar,9,17.443606,78.476363,17.437715,78.44055,True,,4.83
Rasoolpura,Mahatma Gandhi Bus Station,28,17.443606,78.476363,17.379856,78.485961,False,JBS Parade Ground,12.49
Rasoolpura,Malakpet,30,17.443606,78.476363,17.377292,78.493831,False,Ameerpet,13.4
Rasoolpura,Mettuguda,9,17.443606,78.476363,17.435572,78.5196,True,,5.67
Rasoolpura,Miyapur,30,17.443606,78.476363,17.4964542,78.3729359,False,Ameerpet,15.47
Rasoolpura,Moosapet,20,17.443606,78.476363,17.472162,78.425925,False,Ameerpet,8.64
Rasoolpura,Musarambagh,33,17.443606,78.476363,17.371136,78.511946,False,Ameerpet,15.5
Rasoolpura,Musheerabad,15,17.443606,78.476363,17.418808,78.499823,False,JBS Parade Ground,5.69
Rasoolpura,Ngri,15,17.443606,78.476363,17.414859,78.546309,True,,9.67
Rasoolpura,Nagole,20,17.443606,78.476363,17.39051,78.558659,True,,12.96
Rasoolpura,Nampally,23,17.443606,78.476363,17.392352,78.470132,False,Ameerpet,10.1
Rasoolpura,Narayanguda,20,17.443606,78.476363,17.394383,78.489863,False,JBS Parade Ground,8.63
Rasoolpura,New Market,32,17.443606,78.476363,17.373486,78.502903,False,Ameerpet,14.51
Rasoolpura,Osmania Medical College,26,17.443606,78.476363,17.382358,78.481073,False,Ameerpet,11.87
Rasoolpura,Paradise,2,17.443606,78.476363,17.443496,78.486186,True,,1.04
Rasoolpura,Peddamma Gudi,18,17.443606,78.476363,17.4306,78.408448,True,,8.97
Rasoolpura,Prakash Nagar,2,17.443606,78.476363,17.445126,78.465903,True,,1.14
Rasoolpura,Punjagutta,14,17.443606,78.476363,17.428583,78.45115,False,Ameerpet,5.18
Rasoolpura,RTC Cross Roads,16,17.443606,78.476363,17.407119,78.496553,False,JBS Parade Ground,6.89
Rasoolpura,Raidurg,28,17.443606,78.476363,17.442274,78.377094,True,,14.04
Rasoolpura,Road No. 5 Jubilee Hills,14,17.443606,78.476363,17.430088,78.422995,True,,6.78
Rasoolpura,S R Nagar,14,17.443606,78.476363,17.441659,78.441634,False,Ameerpet,4.87
Rasoolpura,Secunderabad East,6,17.443606,78.476363,17.435789,78.505431,True,,4.12
Rasoolpura,Secunderabad West,11,17.443606,78.476363,17.433718,78.499194,False,JBS Parade Ground,3.56
Rasoolpura,Stadium,17,17.443606,78.476363,17.408538,78.553504,True,,10.85
Rasoolpura,Sultan Bazaar,22,17.443606,78.476363,17.384134,78.483697,False,JBS Parade Ground,9.95
Rasoolpura,Tarnaka,11,17.443606,78.476363,17.428297,78.52856,True,,6.92
Rasoolpura,Uppal,18,17.443606,78.476363,17.400078,78.560251,True,,11.93
Rasoolpura,Victoria Memorial,39,17.443606,78.476363,17.361889,78.543962,False,Ameerpet,19.32
Rasoolpura,Yousufguda,12,17.443606,78.476363,17.435081,78.427292,True,,5.93
Road No. 5 Jubilee Hills,Ameerpet,7,17.430088,78.422995,17.435697,78.444603,True,,2.65
Road No. 5 Jubilee Hills,Assembly,22,17.430088,78.422995,17.39813,78.470786,False,Ameerpet,7.96
Road No. 5 Jubilee Hills,Dr. B. R. Ambedkar Balanagar,22,17.430088,78.422995,17.477586,78.42099,False,Ameerpet,8.29
Road No. 5 Jubilee Hills,Begumpet,10,17.430088,78.422995,17.437583,78.456945,True,,4.22
Road No. 5 Jubilee Hills,Bharat Nagar,19,17.430088,78.422995,17.464046,78.430048,False,Ameerpet,6.16
Road No. 5 Jubilee Hills,Chaitanyapuri,37,17.430088,78.422995,17.368398,78.535855,False,Ameerpet,16.61
Road No. 5 Jubilee Hills,Chikkadpally,32,17.430088,78.422995,17.400805,78.494876,False,JBS Parade Ground,14.48
Road No. 5 Jubilee Hills,Dilsukhnagar,36,17.430088,78.422995,17.368594,78.525728,False,Ameerpet,15.53
Road No. 5 Jubilee Hills,Durgam Cheruvu,9,17.430088,78.422995,17.442854,78.387646,True,,4.98
Road No. 5 Jubilee Hills,ESI Hospital,16,17.430088,78.422995,17.447377,78.438352,False,Ameerpet,4.11
Road No. 5 Jubilee Hills,Erragadda,17,17.430088,78.422995,17.457235,78.433531,False,Ameerpet,5.32
Road No. 5 Jubilee Hills,Gandhi Bhavan,25,17.430088,78.422995,17.38609,78.473099,False,Ameerpet,9.4
Road No. 5 Jubilee Hills,Gandhi Hospital,28,17.430088,78.422995,17.425639,78.501872,False,JBS Parade Ground,11.58
Road No. 5 Jubilee Hills,HITEC City,10,17.430088,78.422995,17.449025,78.383239,True,,5.81
Road No. 5 Jubilee Hills,Habsiguda,27,17.430088,78.422995,17.420218,78.540538,True,,15.3
Road No. 5 Jubilee Hills,Irrum Manzil,15,17.430088,78.422995,17.42036,78.456186,False,Ameerpet,4.73
Road No. 5 Jubilee Hills,JBS Parade Ground,18,17.430088,78.422995,17.444472,78.497483,True,,9.02
Road No. 5 Jubilee Hills,JNTU College,28,17.430088,78.422995,17.498679,78.389015,False,Ameerpet,12.24
Road No. 5 Jubilee Hills,Jubilee Hills Check Post,2,17.430088,78.422995,17.42834,78.413688,True,,1.25
Road No. 5 Jubilee Hills,KPHB Colony,26,17.430088,78.422995,17.493796,78.401668,False,Ameerpet,10.75
Road No. 5 Jubilee Hills,Khairatabad,18,17.430088,78.422995,17.411614,78.460844,False,Ameerpet,5.86
Road No. 5 Jubilee Hills,Kukatpally,24,17.430088,78.422995,17.485121,78.411553,False,Ameerpet,9.29
Road No. 5 Jubilee Hills,LB Nagar,41,17.430088,78.422995,17.349724,78.547972,False,Ameerpet,19.27
Road No. 5 Jubilee Hills,Lakdi Ka Pul,20,17.430088,78.422995,17.403687,78.464591,False,Ameerpet,6.96
Road No. 5 Jubilee Hills,Madhapur,6,17.430088,78.422995,17.436879,78.400681,True,,3.09
Road No. 5 Jubilee Hills,Madhura Nagar,5,17.430088,78.422995,17.437715,78.44055,True,,1.95
Road No. 5 Jubilee Hills,Mahatma Gandhi Bus Station,28,17.430088,78.422995,17.379856,78.485961,False,Ameerpet,11.01
Road No. 5 Jubilee Hills,Malakpet,30,17.430088,78.422995,17.377292,78.493831,False,Ameerpet,11.92
Road No. 5 Jubilee Hills,Mettuguda,23,17.430088,78.422995,17.435572,78.5196,True,,12.45
Road No. 5 Jubilee Hills,Miyapur,30,17.430088,78.422995,17.4964542,78.3729359,False,Ameerpet,13.99
Road No. 5 Jubilee Hills,Moosapet,20,17.430088,78.422995,17.472162,78.425925,False,Ameerpet,7.16
Road No. 5 Jubilee Hills,Musarambagh,33,17.430088,78.422995,17.371136,78.511946,False,Ameerpet,14.02
Road No. 5 Jubilee Hills,Musheerabad,29,17.430088,78.422995,17.418808,78.499823,False,JBS Parade Ground,12.47
Road No. 5 Jubilee Hills,Ngri,29,17.430088,78.422995,17.414859,78.546309,True,,16.45
Road No. 5 Jubilee Hills,Nagole,34,17.430088,78.422995,17.39051,78.558659,True,,19.74
Road No. 5 Jubilee Hills,Nampally,23,17.430088,78.422995,17.392352,78.470132,False,Ameerpet,8.62
Road No. 5 Jubilee Hills,Narayanguda,34,17.430088,78.422995,17.394383,78.489863,False,JBS Parade Ground,15.41
Road No. 5 Jubilee Hills,New Market,32,17.430088,78.422995,17.373486,78.502903,False,Ameerpet,13.03
Road No. 5 Jubilee Hills,Osmania Medical College,26,17.430088,78.422995,17.382358,78.481073,False,Ameerpet,10.39
Road No. 5 Jubilee Hills,Paradise,16,17.430088,78.422995,17.443496,78.486186,True,,7.82
Road No. 5 Jubilee Hills,Peddamma Gudi,4,17.430088,78.422995,17.4306,78.408448,True,,2.19
Road No. 5 Jubilee Hills,Prakash Nagar,12,17.430088,78.422995,17.445126,78.465903,True,,5.64
Road No. 5 Jubilee Hills,Punjagutta,14,17.430088,78.422995,17.428583,78.45115,False,Ameerpet,3.7
Road No. 5 Jubilee Hills,RTC Cross Roads,30,17.430088,78.422995,17.407119,78.496553,False,JBS Parade Ground,13.67
Road No. 5 Jubilee Hills,Raidurg,14,17.430088,78.422995,17.442274,78.377094,True,,7.26
Road No. 5 Jubilee Hills,Rasoolpura,14,17.430088,78.422995,17.443606,78.476363,True,,6.78
Road No. 5 Jubilee Hills,S R Nagar,14,17.430088,78.422995,17.441659,78.441634,False,Ameerpet,3.39
Road No. 5 Jubilee Hills,Secunderabad East,20,17.430088,78.422995,17.435789,78.505431,True,,10.9
Road No. 5 Jubilee Hills,Secunderabad West,25,17.430088,78.422995,17.433718,78.499194,False,JBS Parade Ground,10.34
Road No. 5 Jubilee Hills,Stadium,31,17.430088,78.422995,17.408538,78.553504,True,,17.63
Road No. 5 Jubilee Hills,Sultan Bazaar,36,17.430088,78.422995,17.384134,78.483697,False,JBS Parade Ground,16.73
Road No. 5 Jubilee Hills,Tarnaka,25,17.430088,78.422995,17.428297,78.52856,True,,13.7
Road No. 5 Jubilee Hills,Uppal,32,17.430088,78.422995,17.400078,78.560251,True,,18.71
Road No. 5 Jubilee Hills,Victoria Memorial,39,17.430088,78.422995,17.361889,78.543962,False,Ameerpet,17.84
Road No. 5 Jubilee Hills,Yousufguda,2,17.430088,78.422995,17.435081,78.427292,True,,0.85
S R Nagar,Ameerpet,2,17.441659,78.441634,17.435697,78.444603,True,,0.74
S R Nagar,Assembly,12,17.441659,78.441634,17.39813,78.470786,True,,6.05
S R Nagar,Dr. B. R. Ambedkar Balanagar,8,17.441659,78.441634,17.477586,78.42099,True,,4.9
S R Nagar,Begumpet,10,17.441659,78.441634,17.437583,78.456945,False,Ameerpet,2.31
S R Nagar,Bharat Nagar,5,17.441659,78.441634,17.464046,78.430048,True,,2.77
S R Nagar,Chaitanyapuri,27,17.441659,78.441634,17.368398,78.535855,True,,14.7
S R Nagar,Chikkadpally,29,17.441659,78.441634,17.400805,78.494876,False,Mahatma Gandhi Bus Station,12.08
S R Nagar,Dilsukhnagar,26,17.441659,78.441634,17.368594,78.525728,True,,13.62
S R Nagar,Durgam Cheruvu,23,17.441659,78.441634,17.442854,78.387646,False,Ameerpet,8.37
S R Nagar,ESI Hospital,2,17.441659,78.441634,17.447377,78.438352,True,,0.72
S R Nagar,Erragadda,3,17.441659,78.441634,17.457235,78.433531,True,,1.93
S R Nagar,Gandhi Bhavan,15,17.441659,78.441634,17.38609,78.473099,True,,7.49
S R Nagar,Gandhi Hospital,33,17.441659,78.441634,17.425639,78.501872,False,Mahatma Gandhi Bus Station,14.98
S R Nagar,HITEC City,24,17.441659,78.441634,17.449025,78.383239,False,Ameerpet,9.2
S R Nagar,Habsiguda,27,17.441659,78.441634,17.420218,78.540538,False,Ameerpet,13.39
S R Nagar,Irrum Manzil,5,17.441659,78.441634,17.42036,78.456186,True,,2.82
S R Nagar,JBS Parade Ground,38,17.441659,78.441634,17.444472,78.497483,False,Ameerpet,17.54
S R Nagar,JNTU College,14,17.441659,78.441634,17.498679,78.389015,True,,8.85
S R Nagar,Jubilee Hills Check Post,16,17.441659,78.441634,17.42834,78.413688,False,Ameerpet,4.64
S R Nagar,KPHB Colony,12,17.441659,78.441634,17.493796,78.401668,True,,7.36
S R Nagar,Khairatabad,8,17.441659,78.441634,17.411614,78.460844,True,,3.95
S R Nagar,Kukatpally,10,17.441659,78.441634,17.485121,78.411553,True,,5.9
S R Nagar,LB Nagar,31,17.441659,78.441634,17.349724,78.547972,True,,17.36
S R Nagar,Lakdi Ka Pul,10,17.441659,78.441634,17.403687,78.464591,True,,5.05
S R Nagar,Madhapur,20,17.441659,78.441634,17.436879,78.400681,False,Ameerpet,6.48
S R Nagar,Madhura Nagar,9,17.441659,78.441634,17.437715,78.44055,False,Ameerpet,1.44
S R Nagar,Mahatma Gandhi Bus Station,18,17.441659,78.441634,17.379856,78.485961,True,,9.1
S R Nagar,Malakpet,20,17.441659,78.441634,17.377292,78.493831,True,,10.01
S R Nagar,Mettuguda,23,17.441659,78.441634,17.435572,78.5196,False,Ameerpet,10.54
S R Nagar,Miyapur,16,17.441659,78.441634,17.4964542,78.3729359,True,,10.6
S R Nagar,Moosapet,6,17.441659,78.441634,17.472162,78.425925,True,,3.77
S R Nagar,Musarambagh,23,17.441659,78.441634,17.371136,78.511946,True,,12.11
S R Nagar,Musheerabad,32,17.441659,78.441634,17.418808,78.499823,False,Mahatma Gandhi Bus Station,14.09
S R Nagar,Ngri,29,17.441659,78.441634,17.414859,78.546309,False,Ameerpet,14.54
S R Nagar,Nagole,34,17.441659,78.441634,17.39051,78.558659,False,Ameerpet,17.83
S R Nagar,Nampally,13,17.441659,78.441634,17.392352,78.470132,True,,6.71
S R Nagar,Narayanguda,27,17.441659,78.441634,17.394383,78.489863,False,Mahatma Gandhi Bus Station,11.15
S R Nagar,New Market,22,17.441659,78.441634,17.373486,78.502903,True,,11.12
S R Nagar,Osmania Medical College,16,17.441659,78.441634,17.382358,78.481073,True,,8.48
S R Nagar,Paradise,16,17.441659,78.441634,17.443496,78.486186,False,Ameerpet,5.91
S R Nagar,Peddamma Gudi,18,17.441659,78.441634,17.4306,78.408448,False,Ameerpet,5.58
S R Nagar,Prakash Nagar,12,17.441659,78.441634,17.445126,78.465903,False,Ameerpet,3.73
S R Nagar,Punjagutta,4,17.441659,78.441634,17.428583,78.45115,True,,1.79
S R Nagar,RTC Cross Roads,31,17.441659,78.441634,17.407119,78.496553,False,Mahatma Gandhi Bus Station,12.89
S R Nagar,Raidurg,28,17.441659,78.441634,17.442274,78.377094,False,Ameerpet,10.65
S R Nagar,Rasoolpura,14,17.441659,78.441634,17.443606,78.476363,False,Ameerpet,4.87
S R Nagar,Road No. 5 Jubilee Hills,14,17.441659,78.441634,17.430088,78.422995,False,Ameerpet,3.39
S R Nagar,Secunderabad East,20,17.441659,78.441634,17.435789,78.505431,False,Ameerpet,8.99
S R Nagar,Secunderabad West,36,17.441659,78.441634,17.433718,78.499194,False,Mahatma Gandhi Bus Station,16.22
S R Nagar,Stadium,31,17.441659,78.441634,17.408538,78.553504,False,Ameerpet,15.72
S R Nagar,Sultan Bazaar,25,17.441659,78.441634,17.384134,78.483697,False,Mahatma Gandhi Bus Station,9.83
S R Nagar,Tarnaka,25,17.441659,78.441634,17.428297,78.52856,False,Ameerpet,11.79
S R Nagar,Uppal,32,17.441659,78.441634,17.400078,78.560251,False,Ameerpet,16.8
S R Nagar,Victoria Memorial,29,17.441659,78.441634,17.361889,78.543962,True,,15.93
S R Nagar,Yousufguda,12,17.441659,78.441634,17.435081,78.427292,False,Ameerpet,2.54
Secunderabad East,Ameerpet,13,17.435789,78.505431,17.435697,78.444603,True,,8.25
Secunderabad East,Assembly,28,17.435789,78.505431,17.39813,78.470786,False,Ameerpet,13.56
Secunderabad East,Dr. B. R. Ambedkar Balanagar,28,17.435789,78.505431,17.477586,78.42099,False,Ameerpet,13.89
Secunderabad East,Begumpet,10,17.435789,78.505431,17.437583,78.456945,True,,6.68
Secunderabad East,Bharat Nagar,25,17.435789,78.505431,17.464046,78.430048,False,Ameerpet,11.76
Secunderabad East,Chaitanyapuri,43,17.435789,78.505431,17.368398,78.535855,False,Ameerpet,22.21
Secunderabad East,Chikkadpally,16,17.435789,78.505431,17.400805,78.494876,False,JBS Parade Ground,7.34
Secunderabad East,Dilsukhnagar,42,17.435789,78.505431,17.368594,78.525728,False,Ameerpet,21.13
Secunderabad East,Durgam Cheruvu,29,17.435789,78.505431,17.442854,78.387646,True,,15.88
Secunderabad East,ESI Hospital,22,17.435789,78.505431,17.447377,78.438352,False,Ameerpet,9.71
Secunderabad East,Erragadda,23,17.435789,78.505431,17.457235,78.433531,False,Ameerpet,10.92
Secunderabad East,Gandhi Bhavan,31,17.435789,78.505431,17.38609,78.473099,False,Ameerpet,15.0
Secunderabad East,Gandhi Hospital,12,17.435789,78.505431,17.425639,78.501872,False,JBS Parade Ground,4.44
Secunderabad East,HITEC City,30,17.435789,78.505431,17.449025,78.383239,True,,16.71
Secunderabad East,Habsiguda,7,17.435789,78.505431,17.420218,78.540538,True,,4.4
Secunderabad East,Irrum Manzil,21,17.435789,78.505431,17.42036,78.456186,False,Ameerpet,10.33
Secunderabad East,JBS Parade Ground,2,17.435789,78.505431,17.444472,78.497483,True,,1.88
Secunderabad East,JNTU College,34,17.435789,78.505431,17.498679,78.389015,False,Ameerpet,17.84
Secunderabad East,Jubilee Hills Check Post,22,17.435789,78.505431,17.42834,78.413688,True,,12.15
Secunderabad East,KPHB Colony,32,17.435789,78.505431,17.493796,78.401668,False,Ameerpet,16.35
Secunderabad East,Khairatabad,24,17.435789,78.505431,17.411614,78.460844,False,Ameerpet,11.46
Secunderabad East,Kukatpally,30,17.435789,78.505431,17.485121,78.411553,False,Ameerpet,14.89
Secunderabad East,LB Nagar,47,17.435789,78.505431,17.349724,78.547972,False,Ameerpet,24.87
Secunderabad East,Lakdi Ka Pul,26,17.435789,78.505431,17.403687,78.464591,False,Ameerpet,12.56
Secunderabad East,Madhapur,26,17.435789,78.505431,17.436879,78.400681,True,,13.99
Secunderabad East,Madhura Nagar,15,17.435789,78.505431,17.437715,78.44055,True,,8.95
Secunderabad East,Mahatma Gandhi Bus Station,34,17.435789,78.505431,17.379856,78.485961,False,JBS Parade Ground,16.61
Secunderabad East,Malakpet,36,17.435789,78.505431,17.377292,78.493831,False,Ameerpet,17.52
Secunderabad East,Mettuguda,3,17.435789,78.505431,17.435572,78.5196,True,,1.55
Secunderabad East,Miyapur,36,17.435789,78.505431,17.4964542,78.3729359,False,Ameerpet,19.59
Secunderabad East,Moosapet,26,17.435789,78.505431,17.472162,78.425925,False,Ameerpet,12.76
Secunderabad East,Musarambagh,39,17.435789,78.505431,17.371136,78.511946,False,Ameerpet,19.62
Secunderabad East,Musheerabad,13,17.435789,78.505431,17.418808,78.499823,False,JBS Parade Ground,5.33
Secunderabad East,Ngri,9,17.435789,78.505431,17.414859,78.546309,True,,5.55
Secunderabad East,Nagole,14,17.435789,78.505431,17.39051,78.558659,True,,8.84
Secunderabad East,Nampally,29,17.435789,78.505431,17.392352,78.470132,False,Ameerpet,14.22
Secunderabad East,Narayanguda,18,17.435789,78.505431,17.394383,78.489863,False,JBS Parade Ground,8.27
Secunderabad East,New Market,38,17.435789,78.505431,17.373486,78.502903,False,Ameerpet,18.63
Secunderabad East,Osmania Medical College,32,17.435789,78.505431,17.382358,78.481073,False,Ameerpet,15.99
Secunderabad East,Paradise,4,17.435789,78.505431,17.443496,78.486186,True,,3.08
Secunderabad East,Peddamma Gudi,24,17.435789,78.505431,17.4306,78.408448,True,,13.09
Secunderabad East,Prakash Nagar,8,17.435789,78.505431,17.445126,78.465903,True,,5.26
Secunderabad East,Punjagutta,20,17.435789,78.505431,17.428583,78.45115,False,Ameerpet,9.3
Secunderabad East,RTC Cross Roads,14,17.435789,78.505431,17.407119,78.496553,False,JBS Parade Ground,6.53
Secunderabad East,Raidurg,34,17.435789,78.505431,17.442274,78.377094,True,,18.16
Secunderabad East,Rasoolpura,6,17.435789,78.505431,17.443606,78.476363,True,,4.12
Secunderabad East,Road No. 5 Jubilee Hills,20,17.435789,78.505431,17.430088,78.422995,True,,10.9
Secunderabad East,S R Nagar,20,17.435789,78.505431,17.441659,78.441634,False,Ameerpet,8.99
Secunderabad East,Secunderabad West,9,17.435789,78.505431,17.433718,78.499194,False,JBS Parade Ground,3.2
Secunderabad East,Stadium,11,17.435789,78.505431,17.408538,78.553504,True,,6.73
Secunderabad East,Sultan Bazaar,20,17.435789,78.505431,17.384134,78.483697,False,JBS Parade Ground,9.59
Secunderabad East,Tarnaka,5,17.435789,78.505431,17.428297,78.52856,True,,2.8
Secunderabad East,Uppal,12,17.435789,78.505431,17.400078,78.560251,True,,7.81
Secunderabad East,Victoria Memorial,45,17.435789,78.505431,17.361889,78.543962,False,Ameerpet,23.44
Secunderabad East,Yousufguda,18,17.435789,78.505431,17.435081,78.427292,True,,10.05
Secunderabad West,Ameerpet,34,17.433718,78.499194,17.435697,78.444603,False,JBS Parade Ground,15.48
Secunderabad West,Assembly,24,17.433718,78.499194,17.39813,78.470786,False,Mahatma Gandhi Bus Station,10.17
Secunderabad West,Dr. B. R. Ambedkar Balanagar,44,17.433718,78.499194,17.477586,78.42099,False,Mahatma Gandhi Bus Station,21.12
Secunderabad West,Begumpet,15,17.433718,78.499194,17.437583,78.456945,False,JBS Parade Ground,6.12
Secunderabad West,Bharat Nagar,41,17.433718,78.499194,17.464046,78.430048,False,Mahatma Gandhi Bus Station,18.99
Secunderabad West,Chaitanyapuri,27,17.433718,78.499194,17.368398,78.535855,False,Mahatma Gandhi Bus Station,12.72
Secunderabad West,Chikkadpally,7,17.433718,78.499194,17.400805,78.494876,True,,4.14
Secunderabad West,Dilsukhnagar,26,17.433718,78.499194,17.368594,78.525728,False,Mahatma Gandhi Bus Station,11.64
Secunderabad West,Durgam Cheruvu,34,17.433718,78.499194,17.442854,78.387646,False,JBS Parade Ground,15.32
Secunderabad West,ESI Hospital,38,17.433718,78.499194,17.447377,78.438352,False,Mahatma Gandhi Bus Station,16.94
Secunderabad West,Erragadda,39,17.433718,78.499194,17.457235,78.433531,False,Mahatma Gandhi Bus Station,18.15
Secunderabad West,Gandhi Bhavan,21,17.433718,78.499194,17.38609,78.473099,False,Mahatma Gandhi Bus Station,8.73
Secunderabad West,Gandhi Hospital,3,17.433718,78.499194,17.425639,78.501872,True,,1.24
Secunderabad West,HITEC City,35,17.433718,78.499194,17.449025,78.383239,False,JBS Parade Ground,16.15
Secunderabad West,Habsiguda,16,17.433718,78.499194,17.420218,78.540538,False,JBS Parade Ground,7.6
Secunderabad West,Irrum Manzil,31,17.433718,78.499194,17.42036,78.456186,False,Mahatma Gandhi Bus Station,13.4
Secunderabad West,JBS Parade Ground,2,17.433718,78.499194,17.444472,78.497483,True,,1.32
Secunderabad West,JNTU College,50,17.433718,78.499194,17.498679,78.389015,False,Mahatma Gandhi Bus Station,25.07
Secunderabad West,Jubilee Hills Check Post,27,17.433718,78.499194,17.42834,78.413688,False,JBS Parade Ground,11.59
Secunderabad West,KPHB Colony,48,17.433718,78.499194,17.493796,78.401668,False,Mahatma Gandhi Bus Station,23.58
Secunderabad West,Khairatabad,28,17.433718,78.499194,17.411614,78.460844,False,Mahatma Gandhi Bus Station,12.27
Secunderabad West,Kukatpally,46,17.433718,78.499194,17.485121,78.411553,False,Mahatma Gandhi Bus Station,22.12
Secunderabad West,LB Nagar,31,17.433718,78.499194,17.349724,78.547972,False,Mahatma Gandhi Bus Station,15.38
Secunderabad West,Lakdi Ka Pul,26,17.433718,78.499194,17.403687,78.464591,False,Mahatma Gandhi Bus Station,11.17
Secunderabad West,Madhapur,31,17.433718,78.499194,17.436879,78.400681,False,JBS Parade Ground,13.43
Secunderabad West,Madhura Nagar,20,17.433718,78.499194,17.437715,78.44055,False,JBS Parade Ground,8.39
Secunderabad West,Mahatma Gandhi Bus Station,13,17.433718,78.499194,17.379856,78.485961,True,,7.12
Secunderabad West,Malakpet,20,17.433718,78.499194,17.377292,78.493831,False,Mahatma Gandhi Bus Station,8.03
Secunderabad West,Mettuguda,12,17.433718,78.499194,17.435572,78.5196,False,JBS Parade Ground,4.75
Secunderabad West,Miyapur,52,17.433718,78.499194,17.4964542,78.3729359,False,Mahatma Gandhi Bus Station,26.82
Secunderabad West,Moosapet,42,17.433718,78.499194,17.472162,78.425925,False,Mahatma Gandhi Bus Station,19.99
Secunderabad West,Musarambagh,23,17.433718,78.499194,17.371136,78.511946,False,Mahatma Gandhi Bus Station,10.13
Secunderabad West,Musheerabad,4,17.433718,78.499194,17.418808,78.499823,True,,2.13
Secunderabad West,Ngri,18,17.433718,78.499194,17.414859,78.546309,False,JBS Parade Ground,8.75
Secunderabad West,Nagole,23,17.433718,78.499194,17.39051,78.558659,False,JBS Parade Ground,12.04
Secunderabad West,Nampally,23,17.433718,78.499194,17.392352,78.470132,False,Mahatma Gandhi Bus Station,9.51
Secunderabad West,Narayanguda,9,17.433718,78.499194,17.394383,78.489863,True,,5.07
Secunderabad West,New Market,22,17.433718,78.499194,17.373486,78.502903,False,Mahatma Gandhi Bus Station,9.14
Secunderabad West,Osmania Medical College,20,17.433718,78.499194,17.382358,78.481073,False,Mahatma Gandhi Bus Station,7.74
Secunderabad West,Paradise,9,17.433718,78.499194,17.443496,78.486186,False,JBS Parade Ground,2.52
Secunderabad West,Peddamma Gudi,29,17.433718,78.499194,17.4306,78.408448,False,JBS Parade Ground,12.53
Secunderabad West,Prakash Nagar,13,17.433718,78.499194,17.445126,78.465903,False,JBS Parade Ground,4.7
Secunderabad West,Punjagutta,32,17.433718,78.499194,17.428583,78.45115,False,Mahatma Gandhi Bus Station,14.43
Secunderabad West,RTC Cross Roads,5,17.433718,78.499194,17.407119,78.496553,True,,3.33
Secunderabad West,Raidurg,39,17.433718,78.499194,17.442274,78.377094,False,JBS Parade Ground,17.6
Secunderabad West,Rasoolpura,11,17.433718,78.499194,17.443606,78.476363,False,JBS Parade Ground,3.56
Secunderabad West,Road No. 5 Jubilee Hills,25,17.433718,78.499194,17.430088,78.422995,False,JBS Parade Ground,10.34
Secunderabad West,S R Nagar,36,17.433718,78.499194,17.441659,78.441634,False,Mahatma Gandhi Bus Station,16.22
Secunderabad West,Secunderabad East,9,17.433718,78.499194,17.435789,78.505431,False,JBS Parade Ground,3.2
Secunderabad West,Stadium,20,17.433718,78.499194,17.408538,78.553504,False,JBS Parade Ground,9.93
Secunderabad West,Sultan Bazaar,11,17.433718,78.499194,17.384134,78.483697,True,,6.39
Secunderabad West,Tarnaka,14,17.433718,78.499194,17.428297,78.52856,False,JBS Parade Ground,6.0
Secunderabad West,Uppal,21,17.433718,78.499194,17.400078,78.560251,False,JBS Parade Ground,11.01
Secunderabad West,Victoria Memorial,29,17.433718,78.499194,17.361889,78.543962,False,Mahatma Gandhi Bus Station,13.95
Secunderabad West,Yousufguda,23,17.433718,78.499194,17.435081,78.427292,False,JBS Parade Ground,9.49
Stadium,Ameerpet,24,17.408538,78.553504,17.435697,78.444603,True,,14.98
Stadium,Assembly,39,17.408538,78.553504,17.39813,78.470786,False,Ameerpet,20.29
Stadium,Dr. B. R. Ambedkar Balanagar,39,17.408538,78.553504,17.477586,78.42099,False,Ameerpet,20.62
Stadium,Begumpet,21,17.408538,78.553504,17.437583,78.456945,True,,13.41
Stadium,Bharat Nagar,36,17.408538,78.553504,17.464046,78.430048,False,Ameerpet,18.49
Stadium,Chaitanyapuri,54,17.408538,78.553504,17.368398,78.535855,False,Ameerpet,28.94
Stadium,Chikkadpally,27,17.408538,78.553504,17.400805,78.494876,False,JBS Parade Ground,14.07
Stadium,Dilsukhnagar,53,17.408538,78.553504,17.368594,78.525728,False,Ameerpet,27.86
Stadium,Durgam Cheruvu,40,17.408538,78.553504,17.442854,78.387646,True,,22.61
Stadium,ESI Hospital,33,17.408538,78.553504,17.447377,78.438352,False,Ameerpet,16.44
Stadium,Erragadda,34,17.408538,78.553504,17.457235,78.433531,False,Ameerpet,17.65
Stadium,Gandhi Bhavan,42,17.408538,78.553504,17.38609,78.473099,False,Ameerpet,21.73
Stadium,Gandhi Hospital,23,17.408538,78.553504,17.425639,78.501872,False,JBS Parade Ground,11.17
Stadium,HITEC City,41,17.408538,78.553504,17.449025,78.383239,True,,23.44
Stadium,Habsiguda,4,17.408538,78.553504,17.420218,78.540538,True,,2.33
Stadium,Irrum Manzil,32,17.408538,78.553504,17.42036,78.456186,False,Ameerpet,17.06
Stadium,JBS Parade Ground,13,17.408538,78.553504,17.444472,78.497483,True,,8.61
Stadium,JNTU College,45,17.408538,78.553504,17.498679,78.389015,False,Ameerpet,24.57
Stadium,Jubilee Hills Check Post,33,17.408538,78.553504,17.42834,78.413688,True,,18.88
Stadium,KPHB Colony,43,17.408538,78.553504,17.493796,78.401668,False,Ameerpet,23.08
Stadium,Khairatabad,35,17.408538,78.553504,17.411614,78.460844,False,Ameerpet,18.19
Stadium,Kukatpally,41,17.408538,78.553504,17.485121,78.411553,False,Ameerpet,21.62
Stadium,LB Nagar,58,17.408538,78.553504,17.349724,78.547972,False,Ameerpet,31.6
Stadium,Lakdi Ka Pul,37,17.408538,78.553504,17.403687,78.464591,False,Ameerpet,19.29
Stadium,Madhapur,37,17.408538,78.553504,17.436879,78.400681,True,,20.72
Stadium,Madhura Nagar,26,17.408538,78.553504,17.437715,78.44055,True,,15.68
Stadium,Mahatma Gandhi Bus Station,45,17.408538,78.553504,17.379856,78.485961,False,JBS Parade Ground,23.34
Stadium,Malakpet,47,17.408538,78.553504,17.377292,78.493831,False,Ameerpet,24.25
Stadium,Mettuguda,8,17.408538,78.553504,17.435572,78.5196,True,,5.18
Stadium,Miyapur,47,17.408538,78.553504,17.4964542,78.3729359,False,Ameerpet,26.32
Stadium,Moosapet,37,17.408538,78.553504,17.472162,78.425925,False,Ameerpet,19.49
Stadium,Musarambagh,50,17.408538,78.553504,17.371136,78.511946,False,Ameerpet,26.35
Stadium,Musheerabad,24,17.408538,78.553504,17.418808,78.499823,False,JBS Parade Ground,12.06
Stadium,Ngri,2,17.408538,78.553504,17.414859,78.546309,True,,1.18
Stadium,Nagole,3,17.408538,78.553504,17.39051,78.558659,True,,2.11
Stadium,Nampally,40,17.408538,78.553504,17.392352,78.470132,False,Ameerpet,20.95
Stadium,Narayanguda,29,17.408538,78.553504,17.394383,78.489863,False,JBS Parade Ground,15.0
Stadium,New Market,49,17.408538,78.553504,17.373486,78.502903,False,Ameerpet,25.36
Stadium,Osmania Medical College,43,17.408538,78.553504,17.382358,78.481073,False,Ameerpet,22.72
Stadium,Paradise,15,17.408538,78.553504,17.443496,78.486186,True,,9.81
Stadium,Peddamma Gudi,35,17.408538,78.553504,17.4306,78.408448,True,,19.82
Stadium,Prakash Nagar,19,17.408538,78.553504,17.445126,78.465903,True,,11.99
Stadium,Punjagutta,31,17.408538,78.553504,17.428583,78.45115,False,Ameerpet,16.03
Stadium,RTC Cross Roads,25,17.408538,78.553504,17.407119,78.496553,False,JBS Parade Ground,13.26
Stadium,Raidurg,45,17.408538,78.553504,17.442274,78.377094,True,,24.89
Stadium,Rasoolpura,17,17.408538,78.553504,17.443606,78.476363,True,,10.85
Stadium,Road No. 5 Jubilee Hills,31,17.408538,78.553504,17.430088,78.422995,True,,17.63
Stadium,S R Nagar,31,17.408538,78.553504,17.441659,78.441634,False,Ameerpet,15.72
Stadium,Secunderabad East,11,17.408538,78.553504,17.435789,78.505431,True,,6.73
Stadium,Secunderabad West,20,17.408538,78.553504,17.433718,78.499194,False,JBS Parade Ground,9.93
Stadium,Sultan Bazaar,31,17.408538,78.553504,17.384134,78.483697,False,JBS Parade Ground,16.32
Stadium,Tarnaka,6,17.408538,78.553504,17.428297,78.52856,True,,3.93
Stadium,Uppal,1,17.408538,78.553504,17.400078,78.560251,True,,1.08
Stadium,Victoria Memorial,56,17.408538,78.553504,17.361889,78.543962,False,Ameerpet,30.17
Stadium,Yousufguda,29,17.408538,78.553504,17.435081,78.427292,True,,16.78
Sultan Bazaar,Ameerpet,23,17.384134,78.483697,17.435697,78.444603,False,Mahatma Gandhi Bus Station,9.09
Sultan Bazaar,Assembly,13,17.384134,78.483697,17.39813,78.470786,False,Mahatma Gandhi Bus Station,3.78
Sultan Bazaar,Dr. B. R. Ambedkar Balanagar,33,17.384134,78.483697,17.477586,78.42099,False,Mahatma Gandhi Bus Station,14.73
Sultan Bazaar,Begumpet,26,17.384134,78.483697,17.437583,78.456945,False,JBS Parade Ground,12.51
Sultan Bazaar,Bharat Nagar,30,17.384134,78.483697,17.464046,78.430048,False,Mahatma Gandhi Bus Station,12.6
Sultan Bazaar,Chaitanyapuri,16,17.384134,78.483697,17.368398,78.535855,False,Mahatma Gandhi Bus Station,6.33
Sultan Bazaar,Chikkadpally,4,17.384134,78.483697,17.400805,78.494876,True,,2.25
Sultan Bazaar,Dilsukhnagar,15,17.384134,78.483697,17.368594,78.525728,False,Mahatma Gandhi Bus Station,5.25
Sultan Bazaar,Durgam Cheruvu,45,17.384134,78.483697,17.442854,78.387646,False,JBS Parade Ground,21.71
Sultan Bazaar,ESI Hospital,27,17.384134,78.483697,17.447377,78.438352,False,Mahatma Gandhi Bus Station,10.55
Sultan Bazaar,Erragadda,28,17.384134,78.483697,17.457235,78.433531,False,Mahatma Gandhi Bus Station,11.76
Sultan Bazaar,Gandhi Bhavan,10,17.384134,78.483697,17.38609,78.473099,False,Mahatma Gandhi Bus Station,2.34
Sultan Bazaar,Gandhi Hospital,8,17.384134,78.483697,17.425639,78.501872,True,,5.15
Sultan Bazaar,HITEC City,46,17.384134,78.483697,17.449025,78.383239,False,JBS Parade Ground,22.54
Sultan Bazaar,Habsiguda,27,17.384134,78.483697,17.420218,78.540538,False,JBS Parade Ground,13.99
Sultan Bazaar,Irrum Manzil,20,17.384134,78.483697,17.42036,78.456186,False,Mahatma Gandhi Bus Station,7.01
Sultan Bazaar,JBS Parade Ground,13,17.384134,78.483697,17.444472,78.497483,True,,7.71
Sultan Bazaar,JNTU College,39,17.384134,78.483697,17.498679,78.389015,False,Mahatma Gandhi Bus Station,18.68
Sultan Bazaar,Jubilee Hills Check Post,38,17.384134,78.483697,17.42834,78.413688,False,JBS Parade Ground,17.98
Sultan Bazaar,KPHB Colony,37,17.384134,78.483697,17.493796,78.401668,False,Mahatma Gandhi Bus Station,17.19
Sultan Bazaar,Khairatabad,17,17.384134,78.483697,17.411614,78.460844,False,Mahatma Gandhi Bus Station,5.88
Sultan Bazaar,Kukatpally,35,17.384134,78.483697,17.485121,78.411553,False,Mahatma Gandhi Bus Station,15.73
Sultan Bazaar,LB Nagar,20,17.384134,78.483697,17.349724,78.547972,False,Mahatma Gandhi Bus Station,8.99
Sultan Bazaar,Lakdi Ka Pul,15,17.384134,78.483697,17.403687,78.464591,False,Mahatma Gandhi Bus Station,4.78
Sultan Bazaar,Madhapur,42,17.384134,78.483697,17.436879,78.400681,False,JBS Parade Ground,19.82
Sultan Bazaar,Madhura Nagar,31,17.384134,78.483697,17.437715,78.44055,False,JBS Parade Ground,14.78
Sultan Bazaar,Mahatma Gandhi Bus Station,2,17.384134,78.483697,17.379856,78.485961,True,,0.73
Sultan Bazaar,Malakpet,9,17.384134,78.483697,17.377292,78.493831,False,Mahatma Gandhi Bus Station,1.64
Sultan Bazaar,Mettuguda,23,17.384134,78.483697,17.435572,78.5196,False,JBS Parade Ground,11.14
Sultan Bazaar,Miyapur,41,17.384134,78.483697,17.4964542,78.3729359,False,Mahatma Gandhi Bus Station,20.43
Sultan Bazaar,Moosapet,31,17.384134,78.483697,17.472162,78.425925,False,Mahatma Gandhi Bus Station,13.6
Sultan Bazaar,Musarambagh,12,17.384134,78.483697,17.371136,78.511946,False,Mahatma Gandhi Bus Station,3.74
Sultan Bazaar,Musheerabad,7,17.384134,78.483697,17.418808,78.499823,True,,4.26
Sultan Bazaar,Ngri,29,17.384134,78.483697,17.414859,78.546309,False,JBS Parade Ground,15.14
Sultan Bazaar,Nagole,34,17.384134,78.483697,17.39051,78.558659,False,JBS Parade Ground,18.43
Sultan Bazaar,Nampally,12,17.384134,78.483697,17.392352,78.470132,False,Mahatma Gandhi Bus Station,3.12
Sultan Bazaar,Narayanguda,2,17.384134,78.483697,17.394383,78.489863,True,,1.32
Sultan Bazaar,New Market,11,17.384134,78.483697,17.373486,78.502903,False,Mahatma Gandhi Bus Station,2.75
Sultan Bazaar,Osmania Medical College,9,17.384134,78.483697,17.382358,78.481073,False,Mahatma Gandhi Bus Station,1.35
Sultan Bazaar,Paradise,20,17.384134,78.483697,17.443496,78.486186,False,JBS Parade Ground,8.91
Sultan Bazaar,Peddamma Gudi,40,17.384134,78.483697,17.4306,78.408448,False,JBS Parade Ground,18.92
Sultan Bazaar,Prakash Nagar,24,17.384134,78.483697,17.445126,78.465903,False,JBS Parade Ground,11.09
Sultan Bazaar,Punjagutta,21,17.384134,78.483697,17.428583,78.45115,False,Mahatma Gandhi Bus Station,8.04
Sultan Bazaar,RTC Cross Roads,6,17.384134,78.483697,17.407119,78.496553,True,,3.06
Sultan Bazaar,Raidurg,50,17.384134,78.483697,17.442274,78.377094,False,JBS Parade Ground,23.99
Sultan Bazaar,Rasoolpura,22,17.384134,78.483697,17.443606,78.476363,False,JBS Parade Ground,9.95
Sultan Bazaar,Road No. 5 Jubilee Hills,36,17.384134,78.483697,17.430088,78.422995,False,JBS Parade Ground,16.73
Sultan Bazaar,S R Nagar,25,17.384134,78.483697,17.441659,78.441634,False,Mahatma Gandhi Bus Station,9.83
Sultan Bazaar,Secunderabad East,20,17.384134,78.483697,17.435789,78.505431,False,JBS Parade Ground,9.59
Sultan Bazaar,Secunderabad West,11,17.384134,78.483697,17.433718,78.499194,True,,6.39
Sultan Bazaar,Stadium,31,17.384134,78.483697,17.408538,78.553504,False,JBS Parade Ground,16.32
Sultan Bazaar,Tarnaka,25,17.384134,78.483697,17.428297,78.52856,False,JBS Parade Ground,12.39
Sultan Bazaar,Uppal,32,17.384134,78.483697,17.400078,78.560251,False,JBS Parade Ground,17.4
Sultan Bazaar,Victoria Memorial,18,17.384134,78.483697,17.361889,78.543962,False,Mahatma Gandhi Bus Station,7.56
Sultan Bazaar,Yousufguda,34,17.384134,78.483697,17.435081,78.427292,False,JBS Parade Ground,15.88
Tarnaka,Ameerpet,18,17.428297,78.52856,17.435697,78.444603,True,,11.05
Tarnaka,Assembly,33,17.428297,78.52856,17.39813,78.470786,False,Ameerpet,16.36
Tarnaka,Dr. B. R. Ambedkar Balanagar,33,17.428297,78.52856,17.477586,78.42099,False,Ameerpet,16.69
Tarnaka,Begumpet,15,17.428297,78.52856,17.437583,78.456945,True,,9.48
Tarnaka,Bharat Nagar,30,17.428297,78.52856,17.464046,78.430048,False,Ameerpet,14.56
Tarnaka,Chaitanyapuri,48,17.428297,78.52856,17.368398,78.535855,False,Ameerpet,25.01
Tarnaka,Chikkadpally,21,17.428297,78.52856,17.400805,78.494876,False,JBS Parade Ground,10.14
Tarnaka,Dilsukhnagar,47,17.428297,78.52856,17.368594,78.525728,False,Ameerpet,23.93
Tarnaka,Durgam Cheruvu,34,17.428297,78.52856,17.442854,78.387646,True,,18.68
Tarnaka,ESI Hospital,27,17.428297,78.52856,17.447377,78.438352,False,Ameerpet,12.51
Tarnaka,Erragadda,28,17.428297,78.52856,17.457235,78.433531,False,Ameerpet,13.72
Tarnaka,Gandhi Bhavan,36,17.428297,78.52856,17.38609,78.473099,False,Ameerpet,17.8
Tarnaka,Gandhi Hospital,17,17.428297,78.52856,17.425639,78.501872,False,JBS Parade Ground,7.24
Tarnaka,HITEC City,35,17.428297,78.52856,17.449025,78.383239,True,,19.51
Tarnaka,Habsiguda,2,17.428297,78.52856,17.420218,78.540538,True,,1.6
Tarnaka,Irrum Manzil,26,17.428297,78.52856,17.42036,78.456186,False,Ameerpet,13.13
Tarnaka,JBS Parade Ground,7,17.428297,78.52856,17.444472,78.497483,True,,4.68
Tarnaka,JNTU College,39,17.428297,78.52856,17.498679,78.389015,False,Ameerpet,20.64
Tarnaka,Jubilee Hills Check Post,27,17.428297,78.52856,17.42834,78.413688,True,,14.95
Tarnaka,KPHB Colony,37,17.428297,78.52856,17.493796,78.401668,False,Ameerpet,19.15
Tarnaka,Khairatabad,29,17.428297,78.52856,17.411614,78.460844,False,Ameerpet,14.26
Tarnaka,Kukatpally,35,17.428297,78.52856,17.485121,78.411553,False,Ameerpet,17.69
Tarnaka,LB Nagar,52,17.428297,78.52856,17.349724,78.547972,False,Ameerpet,27.67
Tarnaka,Lakdi Ka Pul,31,17.428297,78.52856,17.403687,78.464591,False,Ameerpet,15.36
Tarnaka,Madhapur,31,17.428297,78.52856,17.436879,78.400681,True,,16.79
Tarnaka,Madhura Nagar,20,17.428297,78.52856,17.437715,78.44055,True,,11.75
Tarnaka,Mahatma Gandhi Bus Station,39,17.428297,78.52856,17.379856,78.485961,False,JBS Parade Ground,19.41
Tarnaka,Malakpet,41,17.428297,78.52856,17.377292,78.493831,False,Ameerpet,20.32
Tarnaka,Mettuguda,2,17.428297,78.52856,17.435572,78.5196,True,,1.25
Tarnaka,Miyapur,41,17.428297,78.52856,17.4964542,78.3729359,False,Ameerpet,22.39
Tarnaka,Moosapet,31,17.428297,78.52856,17.472162,78.425925,False,Ameerpet,15.56
Tarnaka,Musarambagh,44,17.428297,78.52856,17.371136,78.511946,False,Ameerpet,22.42
Tarnaka,Musheerabad,18,17.428297,78.52856,17.418808,78.499823,False,JBS Parade Ground,8.13
Tarnaka,Ngri,4,17.428297,78.52856,17.414859,78.546309,True,,2.75
Tarnaka,Nagole,9,17.428297,78.52856,17.39051,78.558659,True,,6.04
Tarnaka,Nampally,34,17.428297,78.52856,17.392352,78.470132,False,Ameerpet,17.02
Tarnaka,Narayanguda,23,17.428297,78.52856,17.394383,78.489863,False,JBS Parade Ground,11.07
Tarnaka,New Market,43,17.428297,78.52856,17.373486,78.502903,False,Ameerpet,21.43
Tarnaka,Osmania Medical College,37,17.428297,78.52856,17.382358,78.481073,False,Ameerpet,18.79
Tarnaka,Paradise,9,17.428297,78.52856,17.443496,78.486186,True,,5.88
Tarnaka,Peddamma Gudi,29,17.428297,78.52856,17.4306,78.408448,True,,15.89
Tarnaka,Prakash Nagar,13,17.428297,78.52856,17.445126,78.465903,True,,8.06
Tarnaka,Punjagutta,25,17.428297,78.52856,17.428583,78.45115,False,Ameerpet,12.1
Tarnaka,RTC Cross Roads,19,17.428297,78.52856,17.407119,78.496553,False,JBS Parade Ground,9.33
Tarnaka,Raidurg,39,17.428297,78.52856,17.442274,78.377094,True,,20.96
Tarnaka,Rasoolpura,11,17.428297,78.52856,17.443606,78.476363,True,,6.92
Tarnaka,Road No. 5 Jubilee Hills,25,17.428297,78.52856,17.430088,78.422995,True,,13.7
Tarnaka,S R Nagar,25,17.428297,78.52856,17.441659,78.441634,False,Ameerpet,11.79
Tarnaka,Secunderabad East,5,17.428297,78.52856,17.435789,78.505431,True,,2.8
Tarnaka,Secunderabad West,14,17.428297,78.52856,17.433718,78.499194,False,JBS Parade Ground,6.0
Tarnaka,Stadium,6,17.428297,78.52856,17.408538,78.553504,True,,3.93
Tarnaka,Sultan Bazaar,25,17.428297,78.52856,17.384134,78.483697,False,JBS Parade Ground,12.39
Tarnaka,Uppal,7,17.428297,78.52856,17.400078,78.560251,True,,5.01
Tarnaka,Victoria Memorial,50,17.428297,78.52856,17.361889,78.543962,False,Ameerpet,26.24
Tarnaka,Yousufguda,23,17.428297,78.52856,17.435081,78.427292,True,,12.85
Uppal,Ameerpet,25,17.400078,78.560251,17.435697,78.444603,True,,16.06
Uppal,Assembly,40,17.400078,78.560251,17.39813,78.470786,False,Ameerpet,21.37
Uppal,Dr. B. R. Ambedkar Balanagar,40,17.400078,78.560251,17.477586,78.42099,False,Ameerpet,21.7
Uppal,Begumpet,22,17.400078,78.560251,17.437583,78.456945,True,,14.49
Uppal,Bharat Nagar,37,17.400078,78.560251,17.464046,78.430048,False,Ameerpet,19.57
Uppal,Chaitanyapuri,55,17.400078,78.560251,17.368398,78.535855,False,Ameerpet,30.02
Uppal,Chikkadpally,28,17.400078,78.560251,17.400805,78.494876,False,JBS Parade Ground,15.15
Uppal,Dilsukhnagar,54,17.400078,78.560251,17.368594,78.525728,False,Ameerpet,28.94
Uppal,Durgam Cheruvu,41,17.400078,78.560251,17.442854,78.387646,True,,23.69
Uppal,ESI Hospital,34,17.400078,78.560251,17.447377,78.438352,False,Ameerpet,17.52
Uppal,Erragadda,35,17.400078,78.560251,17.457235,78.433531,False,Ameerpet,18.73
Uppal,Gandhi Bhavan,43,17.400078,78.560251,17.38609,78.473099,False,Ameerpet,22.81
Uppal,Gandhi Hospital,24,17.400078,78.560251,17.425639,78.501872,False,JBS Parade Ground,12.25
Uppal,HITEC City,42,17.400078,78.560251,17.449025,78.383239,True,,24.52
Uppal,Habsiguda,5,17.400078,78.560251,17.420218,78.540538,True,,3.41
Uppal,Irrum Manzil,33,17.400078,78.560251,17.42036,78.456186,False,Ameerpet,18.14
Uppal,JBS Parade Ground,14,17.400078,78.560251,17.444472,78.497483,True,,9.69
Uppal,JNTU College,46,17.400078,78.560251,17.498679,78.389015,False,Ameerpet,25.65
Uppal,Jubilee Hills Check Post,34,17.400078,78.560251,17.42834,78.413688,True,,19.96
Uppal,KPHB Colony,44,17.400078,78.560251,17.493796,78.401668,False,Ameerpet,24.16
Uppal,Khairatabad,36,17.400078,78.560251,17.411614,78.460844,False,Ameerpet,19.27
Uppal,Kukatpally,42,17.400078,78.560251,17.485121,78.411553,False,Ameerpet,22.7
Uppal,LB Nagar,59,17.400078,78.560251,17.349724,78.547972,False,Ameerpet,32.68
Uppal,Lakdi Ka Pul,38,17.400078,78.560251,17.403687,78.464591,False,Ameerpet,20.37
Uppal,Madhapur,38,17.400078,78.560251,17.436879,78.400681,True,,21.8
Uppal,Madhura Nagar,27,17.400078,78.560251,17.437715,78.44055,True,,16.76
Uppal,Mahatma Gandhi Bus Station,46,17.400078,78.560251,17.379856,78.485961,False,JBS Parade Ground,24.42
Uppal,Malakpet,48,17.400078,78.560251,17.377292,78.493831,False,Ameerpet,25.33
Uppal,Mettuguda,9,17.400078,78.560251,17.435572,78.5196,True,,6.26
Uppal,Miyapur,48,17.400078,78.560251,17.4964542,78.3729359,False,Ameerpet,27.4
Uppal,Moosapet,38,17.400078,78.560251,17.472162,78.425925,False,Ameerpet,20.57
Uppal,Musarambagh,51,17.400078,78.560251,17.371136,78.511946,False,Ameerpet,27.43
Uppal,Musheerabad,25,17.400078,78.560251,17.418808,78.499823,False,JBS Parade Ground,13.14
Uppal,Ngri,3,17.400078,78.560251,17.414859,78.546309,True,,2.26
Uppal,Nagole,2,17.400078,78.560251,17.39051,78.558659,True,,1.03
Uppal,Nampally,41,17.400078,78.560251,17.392352,78.470132,False,Ameerpet,22.03
Uppal,Narayanguda,30,17.400078,78.560251,17.394383,78.489863,False,JBS Parade Ground,16.08
Uppal,New Market,50,17.400078,78.560251,17.373486,78.502903,False,Ameerpet,26.44
Uppal,Osmania Medical College,44,17.400078,78.560251,17.382358,78.481073,False,Ameerpet,23.8
Uppal,Paradise,16,17.400078,78.560251,17.443496,78.486186,True,,10.89
Uppal,Peddamma Gudi,36,17.400078,78.560251,17.4306,78.408448,True,,20.9
Uppal,Prakash Nagar,20,17.400078,78.560251,17.445126,78.465903,True,,13.07
Uppal,Punjagutta,32,17.400078,78.560251,17.428583,78.45115,False,Ameerpet,17.11
Uppal,RTC Cross Roads,26,17.400078,78.560251,17.407119,78.496553,False,JBS Parade Ground,14.34
Uppal,Raidurg,46,17.400078,78.560251,17.442274,78.377094,True,,25.97
Uppal,Rasoolpura,18,17.400078,78.560251,17.443606,78.476363,True,,11.93
Uppal,Road No. 5 Jubilee Hills,32,17.400078,78.560251,17.430088,78.422995,True,,18.71
Uppal,S R Nagar,32,17.400078,78.560251,17.441659,78.441634,False,Ameerpet,16.8
Uppal,Secunderabad East,12,17.400078,78.560251,17.435789,78.505431,True,,7.81
Uppal,Secunderabad West,21,17.400078,78.560251,17.433718,78.499194,False,JBS Parade Ground,11.01
Uppal,Stadium,1,17.400078,78.560251,17.408538,78.553504,True,,1.08
Uppal,Sultan Bazaar,32,17.400078,78.560251,17.384134,78.483697,False,JBS Parade Ground,17.4
Uppal,Tarnaka,7,17.400078,78.560251,17.428297,78.52856,True,,5.01
Uppal,Victoria Memorial,57,17.400078,78.560251,17.361889,78.543962,False,Ameerpet,31.25
Uppal,Yousufguda,30,17.400078,78.560251,17.435081,78.427292,True,,17.86
Victoria Memorial,Ameerpet,27,17.361889,78.543962,17.435697,78.444603,True,,15.19
Victoria Memorial,Assembly,17,17.361889,78.543962,17.39813,78.470786,True,,9.88
Victoria Memorial,Dr. B. R. Ambedkar Balanagar,37,17.361889,78.543962,17.477586,78.42099,True,,20.83
Victoria Memorial,Begumpet,35,17.361889,78.543962,17.437583,78.456945,False,Ameerpet,16.76
Victoria Memorial,Bharat Nagar,34,17.361889,78.543962,17.464046,78.430048,True,,18.7
Victoria Memorial,Chaitanyapuri,2,17.361889,78.543962,17.368398,78.535855,True,,1.23
Victoria Memorial,Chikkadpally,22,17.361889,78.543962,17.400805,78.494876,False,Mahatma Gandhi Bus Station,9.81
Victoria Memorial,Dilsukhnagar,3,17.361889,78.543962,17.368594,78.525728,True,,2.31
Victoria Memorial,Durgam Cheruvu,48,17.361889,78.543962,17.442854,78.387646,False,Ameerpet,22.82
Victoria Memorial,ESI Hospital,31,17.361889,78.543962,17.447377,78.438352,True,,16.65
Victoria Memorial,Erragadda,32,17.361889,78.543962,17.457235,78.433531,True,,17.86
Victoria Memorial,Gandhi Bhavan,14,17.361889,78.543962,17.38609,78.473099,True,,8.44
Victoria Memorial,Gandhi Hospital,26,17.361889,78.543962,17.425639,78.501872,False,Mahatma Gandhi Bus Station,12.71
Victoria Memorial,HITEC City,49,17.361889,78.543962,17.449025,78.383239,False,Ameerpet,23.65
Victoria Memorial,Habsiguda,52,17.361889,78.543962,17.420218,78.540538,False,Ameerpet,27.84
Victoria Memorial,Irrum Manzil,24,17.361889,78.543962,17.42036,78.456186,True,,13.11
Victoria Memorial,JBS Parade Ground,31,17.361889,78.543962,17.444472,78.497483,False,Mahatma Gandhi Bus Station,15.27
Victoria Memorial,JNTU College,43,17.361889,78.543962,17.498679,78.389015,True,,24.78
Victoria Memorial,Jubilee Hills Check Post,41,17.361889,78.543962,17.42834,78.413688,False,Ameerpet,19.09
Victoria Memorial,KPHB Colony,41,17.361889,78.543962,17.493796,78.401668,True,,23.29
Victoria Memorial,Khairatabad,21,17.361889,78.543962,17.411614,78.460844,True,,11.98
Victoria Memorial,Kukatpally,39,17.361889,78.543962,17.485121,78.411553,True,,21.83
Victoria Memorial,LB Nagar,2,17.361889,78.543962,17.349724,78.547972,True,,1.43
Victoria Memorial,Lakdi Ka Pul,19,17.361889,78.543962,17.403687,78.464591,True,,10.88
Victoria Memorial,Madhapur,45,17.361889,78.543962,17.436879,78.400681,False,Ameerpet,20.93
Victoria Memorial,Madhura Nagar,34,17.361889,78.543962,17.437715,78.44055,False,Ameerpet,15.89
Victoria Memorial,Mahatma Gandhi Bus Station,11,17.361889,78.543962,17.379856,78.485961,True,,6.83
Victoria Memorial,Malakpet,9,17.361889,78.543962,17.377292,78.493831,True,,5.92
Victoria Memorial,Mettuguda,48,17.361889,78.543962,17.435572,78.5196,False,Ameerpet,24.99
Victoria Memorial,Miyapur,45,17.361889,78.543962,17.4964542,78.3729359,True,,26.53
Victoria Memorial,Moosapet,35,17.361889,78.543962,17.472162,78.425925,True,,19.7
Victoria Memorial,Musarambagh,6,17.361889,78.543962,17.371136,78.511946,True,,3.82
Victoria Memorial,Musheerabad,25,17.361889,78.543962,17.418808,78.499823,False,Mahatma Gandhi Bus Station,11.82
Victoria Memorial,Ngri,54,17.361889,78.543962,17.414859,78.546309,False,Ameerpet,28.99
Victoria Memorial,Nagole,59,17.361889,78.543962,17.39051,78.558659,False,Ameerpet,32.28
Victoria Memorial,Nampally,16,17.361889,78.543962,17.392352,78.470132,True,,9.22
Victoria Memorial,Narayanguda,20,17.361889,78.543962,17.394383,78.489863,False,Mahatma Gandhi Bus Station,8.88
Victoria Memorial,New Market,7,17.361889,78.543962,17.373486,78.502903,True,,4.81
Victoria Memorial,Osmania Medical College,13,17.361889,78.543962,17.382358,78.481073,True,,7.45
Victoria Memorial,Paradise,41,17.361889,78.543962,17.443496,78.486186,False,Ameerpet,20.36
Victoria Memorial,Peddamma Gudi,43,17.361889,78.543962,17.4306,78.408448,False,Ameerpet,20.03
Victoria Memorial,Prakash Nagar,37,17.361889,78.543962,17.445126,78.465903,False,Ameerpet,18.18
Victoria Memorial,Punjagutta,25,17.361889,78.543962,17.428583,78.45115,True,,14.14
Victoria Memorial,RTC Cross Roads,24,17.361889,78.543962,17.407119,78.496553,False,Mahatma Gandhi Bus Station,10.62
Victoria Memorial,Raidurg,53,17.361889,78.543962,17.442274,78.377094,False,Ameerpet,25.1
Victoria Memorial,Rasoolpura,39,17.361889,78.543962,17.443606,78.476363,False,Ameerpet,19.32
Victoria Memorial,Road No. 5 Jubilee Hills,39,17.361889,78.543962,17.430088,78.422995,False,Ameerpet,17.84
Victoria Memorial,S R Nagar,29,17.361889,78.543962,17.441659,78.441634,True,,15.93
Victoria Memorial,Secunderabad East,45,17.361889,78.543962,17.435789,78.505431,False,Ameerpet,23.44
Victoria Memorial,Secunderabad West,29,17.361889,78.543962,17.433718,78.499194,False,Mahatma Gandhi Bus Station,13.95
Victoria Memorial,Stadium,56,17.361889,78.543962,17.408538,78.553504,False,Ameerpet,30.17
Victoria Memorial,Sultan Bazaar,18,17.361889,78.543962,17.384134,78.483697,False,Mahatma Gandhi Bus Station,7.56
Victoria Memorial,Tarnaka,50,17.361889,78.543962,17.428297,78.52856,False,Ameerpet,26.24
Victoria Memorial,Uppal,57,17.361889,78.543962,17.400078,78.560251,False,Ameerpet,31.25
Victoria Memorial,Yousufguda,37,17.361889,78.543962,17.435081,78.427292,False,Ameerpet,16.99
Yousufguda,Ameerpet,5,17.435081,78.427292,17.435697,78.444603,True,,1.8
Yousufguda,Assembly,20,17.435081,78.427292,17.39813,78.470786,False,Ameerpet,7.11
Yousufguda,Dr. B. R. Ambedkar Balanagar,20,17.435081,78.427292,17.477586,78.42099,False,Ameerpet,7.44
Yousufguda,Begumpet,8,17.435081,78.427292,17.437583,78.456945,True,,3.37
Yousufguda,Bharat Nagar,17,17.435081,78.427292,17.464046,78.430048,False,Ameerpet,5.31
Yousufguda,Chaitanyapuri,35,17.435081,78.427292,17.368398,78.535855,False,Ameerpet,15.76
Yousufguda,Chikkadpally,30,17.435081,78.427292,17.400805,78.494876,False,JBS Parade Ground,13.63
Yousufguda,Dilsukhnagar,34,17.435081,78.427292,17.368594,78.525728,False,Ameerpet,14.68
Yousufguda,Durgam Cheruvu,11,17.435081,78.427292,17.442854,78.387646,True,,5.83
Yousufguda,ESI Hospital,14,17.435081,78.427292,17.447377,78.438352,False,Ameerpet,3.26
Yousufguda,Erragadda,15,17.435081,78.427292,17.457235,78.433531,False,Ameerpet,4.47
Yousufguda,Gandhi Bhavan,23,17.435081,78.427292,17.38609,78.473099,False,Ameerpet,8.55
Yousufguda,Gandhi Hospital,26,17.435081,78.427292,17.425639,78.501872,False,JBS Parade Ground,10.73
Yousufguda,HITEC City,12,17.435081,78.427292,17.449025,78.383239,True,,6.66
Yousufguda,Habsiguda,25,17.435081,78.427292,17.420218,78.540538,True,,14.45
Yousufguda,Irrum Manzil,13,17.435081,78.427292,17.42036,78.456186,False,Ameerpet,3.88
Yousufguda,JBS Parade Ground,16,17.435081,78.427292,17.444472,78.497483,True,,8.17
Yousufguda,JNTU College,26,17.435081,78.427292,17.498679,78.389015,False,Ameerpet,11.39
Yousufguda,Jubilee Hills Check Post,4,17.435081,78.427292,17.42834,78.413688,True,,2.1
Yousufguda,KPHB Colony,24,17.435081,78.427292,17.493796,78.401668,False,Ameerpet,9.9
Yousufguda,Khairatabad,16,17.435081,78.427292,17.411614,78.460844,False,Ameerpet,5.01
Yousufguda,Kukatpally,22,17.435081,78.427292,17.485121,78.411553,False,Ameerpet,8.44
Yousufguda,LB Nagar,39,17.435081,78.427292,17.349724,78.547972,False,Ameerpet,18.42
Yousufguda,Lakdi Ka Pul,18,17.435081,78.427292,17.403687,78.464591,False,Ameerpet,6.11
Yousufguda,Madhapur,8,17.435081,78.427292,17.436879,78.400681,True,,3.94
Yousufguda,Madhura Nagar,3,17.435081,78.427292,17.437715,78.44055,True,,1.1
Yousufguda,Mahatma Gandhi Bus Station,26,17.435081,78.427292,17.379856,78.485961,False,Ameerpet,10.16
Yousufguda,Malakpet,28,17.435081,78.427292,17.377292,78.493831,False,Ameerpet,11.07
Yousufguda,Mettuguda,21,17.435081,78.427292,17.435572,78.5196,True,,11.6
Yousufguda,Miyapur,28,17.435081,78.427292,17.4964542,78.3729359,False,Ameerpet,13.14
Yousufguda,Moosapet,18,17.435081,78.427292,17.472162,78.425925,False,Ameerpet,6.31
Yousufguda,Musarambagh,31,17.435081,78.427292,17.371136,78.511946,False,Ameerpet,13.17
Yousufguda,Musheerabad,27,17.435081,78.427292,17.418808,78.499823,False,JBS Parade Ground,11.62
Yousufguda,Ngri,27,17.435081,78.427292,17.414859,78.546309,True,,15.6
Yousufguda,Nagole,32,17.435081,78.427292,17.39051,78.558659,True,,18.89
Yousufguda,Nampally,21,17.435081,78.427292,17.392352,78.470132,False,Ameerpet,7.77
Yousufguda,Narayanguda,32,17.435081,78.427292,17.394383,78.489863,False,JBS Parade Ground,14.56
Yousufguda,New Market,30,17.435081,78.427292,17.373486,78.502903,False,Ameerpet,12.18
Yousufguda,Osmania Medical College,24,17.435081,78.427292,17.382358,78.481073,False,Ameerpet,9.54
Yousufguda,Paradise,14,17.435081,78.427292,17.443496,78.486186,True,,6.97
Yousufguda,Peddamma Gudi,6,17.435081,78.427292,17.4306,78.408448,True,,3.04
Yousufguda,Prakash Nagar,10,17.435081,78.427292,17.445126,78.465903,True,,4.79
Yousufguda,Punjagutta,12,17.435081,78.427292,17.428583,78.45115,False,Ameerpet,2.85
Yousufguda,RTC Cross Roads,28,17.435081,78.427292,17.407119,78.496553,False,JBS Parade Ground,12.82
Yousufguda,Raidurg,16,17.435081,78.427292,17.442274,78.377094,True,,8.11
Yousufguda,Rasoolpura,12,17.435081,78.427292,17.443606,78.476363,True,,5.93
Yousufguda,Road No. 5 Jubilee Hills,2,17.435081,78.427292,17.430088,78.422995,True,,0.85
Yousufguda,S R Nagar,12,17.435081,78.427292,17.441659,78.441634,False,Ameerpet,2.54
Yousufguda,Secunderabad East,18,17.435081,78.427292,17.435789,78.505431,True,,10.05
Yousufguda,Secunderabad West,23,17.435081,78.427292,17.433718,78.499194,False,JBS Parade Ground,9.49
Yousufguda,Stadium,29,17.435081,78.427292,17.408538,78.553504,True,,16.78
Yousufguda,Sultan Bazaar,34,17.435081,78.427292,17.384134,78.483697,False,JBS Parade Ground,15.88
Yousufguda,Tarnaka,23,17.435081,78.427292,17.428297,78.52856,True,,12.85
Yousufguda,Uppal,30,17.435081,78.427292,17.400078,78.560251,True,,17.86
Yousufguda,Victoria Memorial,37,17.435081,78.427292,17.361889,78.543962,False,Ameerpet,16.99
